Record ID,Name,Location,Last Message Time,Total Msgs,Unread Count,Last Message Preview
,NEVEN,Guides,2026-07-30T18:40:34.606101,159,0,"تاكيد الاستلام"
rec1Hx44dyZ0uDBMJ,Vanessa Preux,Hurghada/Cairo,2026-07-30T18:36:56.962484,4,3,"Hello     Thank you for the reply  I've sent it earlier:  room number : 8107    thank you in advance"
recEruu6Upt2Ce2uH,Mario Grabow,Hurghada/Cairo,2026-07-30T18:36:04.943475,1,0,"Dear FTS Travels Team          many thanks for the booking confirmation.         Here are the remain"
,Mohamed Saad FTS,Drivers,2026-07-30T18:29:32.327236,283,0,"تاكيد الاستلام"
rec5hStpsWg4IzwGC,Franck Lanique,Hurghada/Cairo,2026-07-30T18:25:33.940850,1,0,"merci pour cette escurtion .super bravo a votre equipe"
,AHMED WAHIB,Guides,2026-07-30T18:25:32.393417,87,0,"تاكيد الاستلام"
reced470OoZx4pkUy,Fred,Sharm,2026-07-30T18:25:31.965030,3,0,"[Customer reacted 👍]"
,Hesham city tour,Guides,2026-07-30T18:25:16.400517,106,0,"تاكيد الاستلام"
,Shapan m,Guides,2026-07-30T18:24:36.534295,207,0,"تاكيد الاستلام"
reciRFD8poSozH1mg,Mohamed Khaled FTS,Drivers,2026-07-30T18:23:21.689487,123,3,"تاكيد الاستلام"
,Mahmoud Limo FTS,Drivers,2026-07-30T18:22:40.638723,172,0,"تاكيد الاستلام"
recA3ajYKX7C4QTsG,,Religious,2026-07-30T18:10:47.638937,4,0,"اول مرة"
recLQijabnCx4G7qI,,Religious,2026-07-30T18:09:32.651013,15,0,"@Meta AI هل يمكنني شراء تذاكر لإحدى المناسبات؟"
recYop7xbkCfjIH5r,,Religious,2026-07-30T18:00:49.468063,4,0,"برنامج العمره وكام يوم"
recDzdAPfxVjROxRV,,Religious,2026-07-30T18:00:29.196090,4,0,"بكام الحج"
rec9A2m1N6n3DOfPW,,Religious,2026-07-30T17:54:48.559756,13,1,"ساره ٠١١٤٦٦٢٠٢٣٧"
recWgd6nlYK5Rq32z,Guest,Religious,2026-07-30T17:48:28.104906,13,1,"انا بسأل على برامج العمرة"
recwloYsaH0aCuxjZ,,Religious,2026-07-30T17:12:19.583948,14,0,"[Facebook audio: https://cdn.fbsbx.com/v/t59.3654-21/758952414_1575863174156492_2997616945435171944_"
recFm1yONQjzkCXSE,,Religious,2026-07-30T16:59:34.139430,4,1,"مقدمتش في السياحي قبل كده"
recCI5IJXSI334dpv,Ieva Ernstreite,Sharm,2026-07-30T16:54:45.478146,15,0,"Can you confirm  do not want to wait for a long time if I don’t have to"
reczdWOXMNHrUKWP8,,Religious,2026-07-30T16:31:58.126808,8,1,"وكام يوم في المدينة المنورة"
recugIaGNPG38626P,,Religious,2026-07-30T16:02:03.648886,27,1,"[Facebook audio: https://cdn.fbsbx.com/v/t59.3654-21/759848833_2857374994599100_3081070442289002168_"
recoKK9JMWMCPdA3a,,Religious,2026-07-30T15:57:59.255793,6,1,"إزاي أحجز حجز مبكر؟"
recNSZiYVjPSQFPcS,,Religious,2026-07-30T15:05:37.455759,8,2,"ممكن أعرف التفاصيل عن العمرة في شهر أغسطس"
recefEngNE7d8cZBA,,Religious,2026-07-30T15:05:12.385674,6,1,"أنا قدمت السنة اللي فاتت وعاوز أعرف الخصم"
rec1iulJu6S1AWWny,,Religious,2026-07-30T14:13:27.798258,15,2,"والنبي نقسى نروح الجح انا عندى جلطة فل المخ"
recdzU8tRjBCHiomU,,Religious,2026-07-30T13:51:56.921309,4,1,"الحج البري"
recZL9WPqlC4ekgeM,,Religious,2026-07-30T13:29:29.254763,31,0,"لو سمحت ايوة التفاصيل"
recSz15aDj94qcvcW,,Religious,2026-07-30T12:58:12.778229,13,0,"قدمت"
recJlmSA7rxKavXmt,,Religious,2026-07-30T12:56:18.991429,15,0,"تمام"
,AHMED YEHIA GERMAN,Guides,2026-07-30T10:17:42.332632,15,0,"[Customer sent an image. Image ID: 1821115165922093]"
recgShllvpZhPkUhe,Natálie Slabová,Hurghada/Cairo,2026-07-30T09:59:11.699974,1,0,"Hello  our room number Is 3106"
recjbofPCapjBCRJM,Máté Bálint Zsákai,Hurghada/Cairo,2026-07-30T09:52:33.335773,1,1,"Room number: 1330    (Booking Number: *GYGVN25ZV8Q9)*    *We bought 2 scarves during our reservation"
recpWlOILtGjEKiN5,Maria Spataru,Hurghada/Cairo,2026-07-30T09:52:01.449241,1,0,"Everything was very good. The tour guide and the photographer was very helpful and friendly and the "
recgqvdjHHNiLgCTq,Alessia Coruzzi,Sharm,2026-07-30T07:59:40.856535,1,1,"Alessia Coruzzi   Simone Coruzzi   Xperience Sea Breeze resort   Camera numero 1123"
rec25d1i13WBaS7Nr,Erik Schneider,Hurghada/Cairo,2026-07-30T04:23:40.031430,2,0,"we are ready"
recRLdIoutPOYkcxR,Emerson Fraulini,Hurghada/Cairo,2026-07-30T04:22:47.323277,1,1,"554 pour la chambre"
reciQxbN3PivBWjZd,Ernesto Carralero,Hurghada/Cairo,2026-07-30T04:22:09.629477,4,2,"I am in the Mirette receptie  "
,IBRAHIM FUODA,Guides,2026-07-29T21:45:06.257175,59,0,"تاكيد الاستلام"
recxU2oPsbsTh9ICZ,Guest,Religious,2026-07-29T20:44:23.488176,4,0,"الف شكر لحضرتك"
rech5c8vy59Lp1gXc,Amine Kh,Hurghada/Cairo,2026-07-29T20:44:11.735904,1,0,"Je vous remercie   J’attends vos instructions pour paiement des suppléments pour l’ajout de mon épou"
recrr804GDNt6OED9,Stefanie Kolter,Hurghada/Cairo,2026-07-29T20:42:56.896370,1,0,"Stefanie Kolter  Leo Kolter  15 Jahre   Maic Dillenberger   Fort Arabesque Beach Resort  Makadi Bay "
rec9pe1KHUA7WJHpU,Ilona Weeterings,Hurghada/Cairo,2026-07-29T20:42:16.071045,3,2,"where can i find our pick up time?"
recdCeJgfUcj1yP8k,Ana Maria Busa,Hurghada/Cairo,2026-07-29T20:40:55.052005,1,0,"Hey. We Book for tomorrow a Travel for Luxor. I’m at Jazz Makadi Star &Spa Hotel . Hier ist My Numme"
,Ragab Ahmed,Guides,2026-07-29T20:19:23.364959,130,0,"تاكيد الاستلام"
,Khaled Kamel,Guides,2026-07-29T20:16:57.254537,118,0,"تاكيد الاستلام"
rec9vCA9QmQmH3zSV,Francesca Mongiardo,Sharm,2026-07-29T19:05:24.399596,5,0,"Thank you"
,Khaled Refaat FTS,Drivers,2026-07-29T18:33:11.064085,147,0,"تاكيد الاستلام"
,حمدي سليمان,Drivers,2026-07-29T18:30:16.351765,110,0,"تاكيد الاستلام"
rech5c8vy59Lp1gXc,Amine Kh,Hurghada/Cairo,2026-07-29T18:11:51.476867,2,0,"Je vous envoie à votre demande les informations de voyage :     Nom des voyageurs : Mustapha Amine K"
recTvjn9e1EFP2nfb,scott pumfrey,Hurghada/Cairo,2026-07-29T17:55:25.614023,1,0,"Please can you cancel this trip due to my wife condition.     Kind regards   Scott Pumfrey   "
recPnH8R9tC3OXEhK,Roberto Zanetti,Hurghada/Cairo,2026-07-29T16:32:13.844435,3,0,"a che ora devo trovarmi alla reception"
recscKEbHLovxmgGT,Anna Perez,Hurghada/Cairo,2026-07-29T16:28:39.939163,1,0,"Name:  Anna Perez    Simone Pusceddu.   Hotel:  Magic Beach Hurghada  Room number: 509"
recDajcQBewEC9q8u,Norman Weber,Hurghada/Cairo,2026-07-29T16:25:48.989690,1,0,"my room number is 7111"
recI3crJZR7X6R0p8,Frank Hetzel,Hurghada/Cairo,2026-07-29T16:24:05.450281,1,1,"Dear madam or sir &nbsp;   &nbsp;       Namen der Reisenden : 1 Julia Hetzel - age 46 2 Frank Hetzel"
recsJMc32FJAg7taT,Cale Van Den Berg,Hurghada/Cairo,2026-07-29T14:47:38.462335,1,1,"Good Day     Thank you for the confirmation.    We are staying at Cyan 128 El Gouna. I have paid for"
recrdkakrp4humF5N,Andrea Aremare,Hurghada/Cairo,2026-07-29T14:24:16.961093,4,2,"Yes perfect   I confirm our pickup   Thanks"
rechBOnCSnHw3yKaR,Monica-Maria Bulf,Hurghada/Cairo,2026-07-29T14:23:23.485073,2,0,"So can you tell me about discounts ? We want to know more about it please ."
reciQxbN3PivBWjZd,Ernesto Carralero,Hurghada/Cairo,2026-07-29T14:17:29.075545,1,0,"Good morning. I have a tour to Luxor tomorrow  but I haven't received  confirmation of the exact pic"
recjUGigisyjnYrZL,M. H.,Hurghada/Cairo,2026-07-29T11:52:17.101019,5,2,"Hallo    gibt es schon irgendwelche Informationen  wegen dem Eintritt in die Pyramide?  Viele Grüße"
rec75Ucui2UPOZDdP,Aimar Charlotte,Hurghada/Cairo,2026-07-29T11:51:40.075199,3,0,"Je suis vraiment très très déçue"
recj0x6DdS1qYjJY9,DANIELE DELICOTE,Hurghada/Cairo,2026-07-29T07:54:52.186529,8,0,"I got an email saying that will get the refund for the khan el khalili only as the museum wasn’t the"
recR2VSCPN261aADW,Elena Ortega Castillo,Hurghada/Cairo,2026-07-29T06:02:31.617931,7,0,"GET YOUR RIDE _ FYS Travels  Asunto : Queja formal del Cliente Elena Ortega _Excursión a Luxor 29 Ju"
recC86gbYeCRTTf9z,Ricardo Camacho,Hurghada/Cairo,2026-07-29T04:12:26.235796,5,4,"Hi   how long we need to wait now!?   We were picked up at the agreed new time  we were three even a"
rec3DzLKHCybOz46n,Eloïse Veraghaenne,Hurghada/Cairo,2026-07-29T04:03:58.315048,1,1,"Our room number is 2211"
,محمد احمد,Drivers,2026-07-29T02:50:28.461620,45,0,"تاكيد الاستلام"
recclp0AB3dZ3srW3,Elvin Kurtul,Hurghada/Cairo,2026-07-29T02:21:18.467327,1,0,"Bei uns stand um 1:30 Abholung"
recnPOvLTmeF3wiFB,Christin Lahr,Hurghada/Cairo,2026-07-29T00:43:30.358543,1,1,"Wo muss ich stehen?"
recM1WNUGgizeMZ5J,Paolo Baga,Hurghada/Cairo,2026-07-29T00:42:55.895352,6,1,"Salve  noi tra 20 minuti saremo davanti la reception"
recLIXyh2vXLDxxre,Katja Dueggeli,Hurghada/Cairo,2026-07-28T23:00:02.514429,8,0,"unser flug hat etwa 20min verspätung"
rec8A0SFWKiKMoTNz,Aishling Byrne,Hurghada/Cairo,2026-07-28T22:59:23.634024,1,1,"Hiya     I am just wondering how long the coach journey is?   I have booked for Friday the 14th Augu"
recdSWSczzNJOfCJt,Marlène Lava,Hurghada/Cairo,2026-07-28T22:57:00.260238,5,0,"Bonsoir  je me permets de vous faire un message suite à plusieurs incidents sur cette visite.   En e"
recM09PCg53oajFvA,Carole Bobo,Hurghada/Cairo,2026-07-28T21:16:31.736349,1,0,"Numéro de chambre : 1359  "
,Amir FTS,Drivers,2026-07-28T21:03:16.250688,157,0,"تاكيد الاستلام"
rec9I6KzymbE8toVg,Indra Middler,Hurghada/Cairo,2026-07-28T20:28:48.252123,1,0,"Hello    we haven't been given a pickup time or a meeting point yet. When will we have to start?"
,عاصم هارون,Drivers,2026-07-28T19:57:37.531033,14,0,"تاكيد الاستلام"
recgmMc4Jnks6VfQF,Facebook User 426616,Religious,2026-07-28T17:56:29.581213,23,0,"عاوز اتكلم مع مسؤول الحجوزات"
recn2OCkYpBnjHnEc,Rebecca Radwell,Hurghada/Cairo,2026-07-28T17:54:39.755035,1,0,"3458"
recRl7AtE29GqcuQV,Thierry Cauneau,Hurghada/Cairo,2026-07-28T17:53:21.981683,11,0,"Et de faire le nécessaire afin que je ne reçoive plus de message. Merci ￼"
recg4NqFLfx7Pjjy6,Jabouyna Marie-therese,Hurghada/Cairo,2026-07-28T16:54:02.714199,11,0,"c'est bon Amr s'en est occupé. Pas de bruit."
reclCTxm3p3bHhJ5l,Frédéric EXCOFFIER,Hurghada/Cairo,2026-07-28T12:37:57.531966,1,1,"I’ve received your message   Thank you  Kind regards"
recWvPeKcxbQDLP2G,Emre Kurtul,Hurghada/Cairo,2026-07-28T12:30:48.101335,3,0,"3017"
reckxh5Ov0FhxuSHM,Chiara Summa,Hurghada/Cairo,2026-07-28T12:24:48.961758,1,1,"Buongiorno  volevo un’informazione. Il pranzo è incluso  per colazione all’arrivo e cena come si fa?"
rec9bP2FGfOyhWAEx,Bettina Halbmayer,Hurghada/Cairo,2026-07-28T10:24:22.714669,2,0,"Where are You?"
reclrPeGtyfclgRkA,Sakana DIA,Hurghada/Cairo,2026-07-28T10:22:52.066984,7,1,"Bonjour Booking Votre avis compte beaucoup pour nous et nous aimerions savoir ce que vous avez pensé"
,Joun maher H1,Drivers,2026-07-28T09:46:02.790835,6,0,"بارك متحف كبير 150 k"
recpMMXpzUPOo9SoC,Jamie Maddison,Sharm,2026-07-28T06:41:24.655790,1,0,"                                                                                Good news! A new boo"
recyNJjzdFOmVXAqg,Toni Herte,Hurghada/Cairo,2026-07-28T04:48:13.859116,1,1,"Good Morning  we are waiting in the lobby. Should we go outside?"
recRGt9GcbithsqFI,Tanphuc Buivan,Hurghada/Cairo,2026-07-28T04:47:25.969046,3,0,"Have you got news about the drivers status ? The driver has not yet arrived"
rec0rzHvIkVSGdZuC,BRUNO Charlyne,Hurghada/Cairo,2026-07-28T04:46:47.216214,3,0,"We are here since 03:30 am  where are the bus ? Can we have a number to contact"
recJNHIPEywWeVkaT,Letizia Piastra,Hurghada/Cairo,2026-07-28T04:44:58.828444,7,0,"we're still here nobody came tò pick us up"
recde6eEfa8OwgToF,Make,Unknown,2026-07-28T02:57:14.236350,1,0,"Make [https://cdn.make.com/img/make/make-logo-150x48@2x.png]  Make [https://cdn.make.com/img/make/ma"
recsYCvf3wzxT0E2E,Nour-hane Hamdoudi,Hurghada/Cairo,2026-07-28T01:36:19.410376,2,0,"+33 6 98 02 75 84 what’s up"
recde6eEfa8OwgToF,Make,Unknown,2026-07-28T01:35:29.063137,1,0,"Make [https://cdn.make.com/img/make/make-logo-150x48@2x.png]  Make [https://cdn.make.com/img/make/ma"
recde6eEfa8OwgToF,Make,Unknown,2026-07-28T01:22:56.731758,1,0,"Make [https://cdn.make.com/img/make/make-logo-150x48@2x.png]  Make [https://cdn.make.com/img/make/ma"
recde6eEfa8OwgToF,Make,Unknown,2026-07-28T01:22:22.682231,1,0,"Make [https://cdn.make.com/img/make/make-logo-150x48@2x.png]  Make [https://cdn.make.com/img/make/ma"
recde6eEfa8OwgToF,Make,Unknown,2026-07-28T01:21:22.555830,1,0,"Make [https://cdn.make.com/img/make/make-logo-150x48@2x.png]  Make [https://cdn.make.com/img/make/ma"
recpqqyPDsQk643sO,chiara tonini,Sharm,2026-07-27T23:43:35.777775,1,0,"Ghazala gardens resort"
rec9RE2iR4noqQgE7,Menuz Sandrine,Hurghada/Cairo,2026-07-27T23:37:31.216836,2,0,"tout était bien organisé.noud avons adoré"
recMs2ICgdpTtLnwQ,Alberto Tardanico,Hurghada/Cairo,2026-07-27T23:36:39.094288,1,1,"Hello     At what time is the pick up at Sunny Days Palacio resort in Hurgada?    Thank you.    Albe"
recde6eEfa8OwgToF,Make,Unknown,2026-07-27T23:34:06.730902,1,0,"Make [https://cdn.make.com/img/make/make-logo-150x48@2x.png]  Make [https://cdn.make.com/img/make/ma"
recde6eEfa8OwgToF,Make,Unknown,2026-07-27T21:51:43.762244,1,0,"Make [https://cdn.make.com/img/make/make-logo-150x48@2x.png]  Make [https://cdn.make.com/img/make/ma"
recde6eEfa8OwgToF,Make,Unknown,2026-07-27T21:49:11.359002,1,0,"Make [https://cdn.make.com/img/make/make-logo-150x48@2x.png]  Make [https://cdn.make.com/img/make/ma"
recOu0JtNfbgffZj5,Charles-Joseph Baqué,Hurghada/Cairo,2026-07-27T20:08:08.023222,11,4,"la journée a été excellente  un grand merci à vous"
recZdgU42FFODao16,Selin Erdogmus,Hurghada/Cairo,2026-07-27T20:04:22.535444,2,0,"Can I show my EU ID for the discount as a student"
recde6eEfa8OwgToF,Make,Hurghada/Cairo,2026-07-27T19:58:58.346405,1,0,"Make [https://cdn.make.com/img/make/make-logo-150x48@2x.png]  Make [https://cdn.make.com/img/make/ma"
recAkg20uAlzYKjOM,Tina Scott-Roberts,Sharm,2026-07-27T19:55:28.736988,1,1,"##^- Please type your reply above this line -^##    Booking Reference: BR-1428775301    Tina S wrote"
rec0NRp6x5JIumlWz,Marika Caruso,Sharm,2026-07-27T19:54:55.619297,1,1,"Marika Caruso  Simone Barbero  Rehana Sharm Resort  room number 2212"
recde6eEfa8OwgToF,Make,Unknown,2026-07-27T18:19:15.074356,1,0,"Make [https://cdn.make.com/img/make/make-logo-150x48@2x.png]  Make [https://cdn.make.com/img/make/ma"
rec0OpBfuhYlDsqsd,Muhammad Loyas Miah,Hurghada/Cairo,2026-07-27T18:09:11.273447,1,0,"Hello  just confirming  I have 3 rooms booked at Regina . 475  461 and 459    4 adult.  2 child.    "
rec2rB8q4bng4f0nj,Klaudia Vasziova,Hurghada/Cairo,2026-07-27T18:08:36.220700,1,0,"Hello      Names Benjamin Horosz  Henrik Horosz Klaudia Vasziova    Room numbers in le Pacha resort "
rec2rB8q4bng4f0nj,Klaudia Vasziova,Hurghada/Cairo,2026-07-27T18:08:03.121509,1,1,"Hello   all I already all provided all names and rooms numbers via app.  it is room number  1302   1"
recrjrdqM97K5Unyx,Gouret Astrid,Hurghada/Cairo,2026-07-27T18:04:23.522810,6,2,"Mon numéro de chambre  3403    Bonne réception "
recrjrdqM97K5Unyx,Gouret Astrid,Hurghada/Cairo,2026-07-27T18:03:47.809927,1,1,"Mon numéro de chambre   3403    Cordialement "
recBXmHdwth5I8BWp,Adéla Němečková,Hurghada/Cairo,2026-07-27T18:01:35.281266,1,1,"room number is 273"
recCs8VKjESakTJ6X,David Savaser,Hurghada/Cairo,2026-07-27T17:59:55.440948,1,1,"Hallo wir haben jetzt die fahrt nach kairo gebucht und wir wollten fragen ob sie uns dann an unserem"
recy15kXyjTVkFDvn,Arijenida Bonaventura,Hurghada/Cairo,2026-07-27T17:58:46.790217,2,0,"The trip was great  it was long but we had best drivers"
recZRdibVZoBgP44J,Viviana Leandro,Hurghada/Cairo,2026-07-27T17:54:16.542866,1,0,"I am not Vivana"
recSV12jTG4PStyYb,Sarah Biederstädt,Hurghada/Cairo,2026-07-27T17:53:37.524525,4,2,"Unsere Zimmernummer ist 8201"
rec7zQQAwkJ7R0Db6,Deborah van Rooijen,Hurghada/Cairo,2026-07-27T17:52:23.420345,1,1,"Goodmorning      My name is Deborah van Rooijen and I just booked a day trip to Luxor via GYG with y"
reclAv1K1QVH2e7wK,Célia HENNI,Hurghada/Cairo,2026-07-27T17:51:49.803170,2,2,"HENNI Célia   Al Dora Residence   404"
recsbxld2aHKfBKvs,Kirsten Desseyn,Hurghada/Cairo,2026-07-27T17:50:39.790070,2,1,"Kirsten Desseyn (student)  Quinten Desseyn (student)  royal star beach resort  3155"
recmk1WsU5pxkvzl0,BECHAR Patricia,Hurghada/Cairo,2026-07-27T17:49:15.140430,1,0,"Hello     As asked please find below the informations for our trip to Louxor on the 5th of August.  "
recxtUEOXB9R6TqxD,Benjamin Lejeune,Hurghada/Cairo,2026-07-27T17:48:27.268802,5,0,"Hello  I have two separate bookings under the same name (Charlène Laalou ):"
recNnqUoHpAOsmw2s,Benjamin Lejeune,Hurghada/Cairo,2026-07-27T17:47:45.738797,10,1,"Sorry the name réservation is Charlène Laalou no is Benjamin Lejeune"
recwWMtwBrDoHXnoc,Robin Netz,Hurghada/Cairo,2026-07-27T16:15:08.918761,1,0,"Feedback on Cairo Tour  Booking Number: GYGN6B2V3N    Hello     We are back from our day tour to Cai"
rec1vcOLy8UOoA2WA,Ricky Wheeler,Hurghada/Cairo,2026-07-27T16:14:11.402805,3,1,"Room 303"
recgAiXwxkZH8dCqT,fouchy karen,Hurghada/Cairo,2026-07-27T16:10:47.107441,4,1,"bonjour notre numéro de chambre est 432 hotel continental"
reclEnD9ThMU5qKpE,Jack Pemberton,Hurghada/Cairo,2026-07-27T16:07:11.191145,1,1,"Hi          - Traveler names Jack Pemberton  and Caydee Jeffs     - Children ages (if any) 0     - H"
recMFIkocyrItExjH,Cherilyn Drinkwater,Hurghada/Cairo,2026-07-27T16:06:34.219848,1,0,"room 2126"
recLe6ktcnh0339MU,Alessandro Fata,Hurghada/Cairo,2026-07-27T16:01:50.004506,1,0,"Hi   We have a booking for tomorrow in Luxor.  My name is Alessandro Fata and my wife Francesca Vene"
recSYTdVTimonsU7d,Denise Kuska,Hurghada/Cairo,2026-07-27T16:00:27.692624,1,0,"Dear Sir/Madam  is it possible to change our museum choice? We would prefer to visit the large Egypt"
recLlaAhdLcbuGUMx,David De La Pascua Gutiérrez,Hurghada/Cairo,2026-07-27T15:59:03.369061,8,0,"pero es esta madrugada a las 4 de la mañana del día 28"
recjT2GsT01gUzZhS,Kareem elshobakey,Hurghada/Cairo,2026-07-27T15:46:39.158676,1,0,"As you can see  you guys had an issue today providing for us the tickets for our event we do not wan"
recRl7AtE29GqcuQV,Thierry Cauneau,Hurghada/Cairo,2026-07-27T15:45:17.118445,1,0,"Hello  as requested  find attached copies of the four passports for the flight ticket registration. "
rec8sNBHemshVDaAv,Safiyeh Shahidzadeh,Hurghada/Cairo,2026-07-27T15:44:20.104872,1,0,"Our customer with the Viator  Inc. booking number BR-1427573853 has sent you a message regarding the"
recJNHIPEywWeVkaT,Letizia Piastra,Hurghada/Cairo,2026-07-27T14:07:38.615323,1,0,"Your message could not be sentIt looks like the message you're trying to send to customer-cqkn5ryfnh"
recUhTsjbTrl80bZP,Fabrizia Tumidei,Hurghada/Cairo,2026-07-27T08:38:56.274803,3,0,"Had+an+issue : for my situation with food  at the entry I wait much time  because the control don't "
receLxDAA7RcBICXb,Jasmin Schneider,Sharm,2026-07-26T20:40:04.889249,1,1,"Dear Supply Partner       We've been contacted by a customer informing us that their activity didn't"
recjSghOL49o0ff5M,Gulnor Apple,Sharm,2026-07-26T19:05:43.454195,1,1,"Your message could not be sentIt looks like the message you're trying to send to customer-5kzsivsras"
recvM2AMEUYwgy9VE,Susan Hilder,Sharm,2026-07-26T18:54:12.977486,1,1,"96                                                                        Hi Supply Partner  great n"
recjSghOL49o0ff5M,Gulnor Apple,Sharm,2026-07-26T18:53:37.081802,1,1,"Your message could not be sentIt looks like the message you're trying to send to gulnor@internet.ru "
recjSghOL49o0ff5M,Gulnor Apple,Sharm,2026-07-26T18:52:48.461093,3,0,"I don’t know how to send a location from this program if u can pls contact me by WhatsApp my number "
rec0OpBfuhYlDsqsd,Muhammad Loyas Miah,Hurghada/Cairo,2026-07-26T18:52:06.771018,1,0,"Yes. See you later. I will pay the difference."
recxtUEOXB9R6TqxD,Benjamin Lejeune,Hurghada/Cairo,2026-07-26T15:24:23.948493,1,0,"Non si tout est bon pour 2 adultes et 2 enfants alors c’est parfais"
reccfiGpZ696aftDa,Gushani Gazmend,Sharm,2026-07-25T21:13:09.836683,4,4,"Ich habe gelesen das wir mitnehmen sollen  Pässe für alle  Sonnenbrillen   Hüte und Capes  Sonnenkre"
recLDqWIJ85uqDbvZ,Emy Nazal,Hurghada/Cairo,2026-07-25T19:33:11.784275,1,0,"##^- Please type your reply above this line -^##    Booking Reference: BR-1427815011    Famjlen N wr"
recGTtf7omnPuif10,Rou Zhang,Hurghada/Cairo,2026-07-25T15:43:48.916672,2,0,"##^- Please type your reply above this line -^##    Booking Reference: BR-1427793585    Rou Z wrote:"
recy9NT5r3kaolSnj,Koen ten Elsen,Hurghada/Cairo,2026-07-25T14:04:03.419085,1,0,"Your message could not be sentIt looks like the message you're trying to send to customer-ejia3pccbs"
recTJiEmIha4xoMR5,Yasien Salem,Hurghada/Cairo,2026-07-25T14:01:12.694891,7,0,"Hello  Unit: South Marina: MS7  2nd floor  room number 8      Verzonden vanuit Outlook voor iOS  ___"
rec1TnQjnMCNAZK6F,Aleksandra Żuk,Hurghada/Cairo,2026-07-25T13:59:58.074727,1,1,"Room number 3024"
recZRdibVZoBgP44J,Viviana Leandro,Hurghada/Cairo,2026-07-24T13:36:49.178098,1,0,"The room room numbers are 1207 & 1208"
reckXaxk0507UQzZK,Eden Smith,Hurghada/Cairo,2026-07-24T12:42:25.101882,3,2,"Room number 004"
reclnLz2sLXQGAOfg,DULCE MARIA MARTINS ANTUNES,Hurghada/Cairo,2026-07-24T11:44:15.542805,1,1,"Bom dia  a viagem correu bem  embora o autocarro não fosse muito  confortável os bancos deviam ser m"
recsGVEWpur9O6Krw,Adrien Guinet,Hurghada/Cairo,2026-07-24T03:33:02.346097,1,1,"##^- Please type your reply above this line -^##    Booking Reference: BR-1426440869    Adrien G wro"
recx8vwUAE166AtnT,Célia Sainty,Hurghada/Cairo,2026-07-23T22:12:15.310112,3,0,"It’s ok"
recPL1i1tUq8BxNOt,Manisha Ramgolam,Hurghada/Cairo,2026-07-23T21:10:06.961600,6,0,"Hi Farah  they already contacted us in the afternoon. Thank you.    *Met vriendelijke groet *    *Ma"
recGgEmqoUIiwqFAB,CLAIRE ROBERT,Hurghada/Cairo,2026-07-23T16:30:15.267767,3,0,"##^- Please type your reply above this line -^##    Booking Reference: BR-1426974873    CLAIRE R wro"
rectBTDv3fPrOOHyM,Rozalyn Leach,Hurghada/Cairo,2026-07-23T11:50:45.194812,6,0,"Yes okay!"
rec9bqMsKHqS3mxgr,OZEN Evin,Hurghada/Cairo,2026-07-23T11:50:30.379602,1,0,"Hello again I already answered on WhatsApp but I will write the info here also   Evin Ozen  Dogukan "
rec16BQzuOGzRCgBR,Peter Kantor,Hurghada/Cairo,2026-07-23T09:58:28.153978,1,0,"We are ready and waiting at hotel reception now. Looking forward to seeing you.  Thanks."
rec9tDVDQIDrJBs6s,ZIXIN LI,Hurghada/Cairo,2026-07-23T02:44:37.796128,3,0,"morning whats the car number？"
recj2x1dl4cSpWyEZ,Lindsey Dokter,Hurghada/Cairo,2026-07-23T00:02:48.054230,1,0,"Hello  our room number is 712"
recsSiBSP8LFd0P4J,Katherine Ortega,Hurghada/Cairo,2026-07-22T21:59:43.440578,3,0,"This are the room numbers"
recO69hGTMYKEK6mL,Lucy Brown,Hurghada/Cairo,2026-07-22T18:06:10.164077,4,0,"Hi     I sent my room number as requested for our trip tomorrow.  Its 5012    Any news on pick up ti"
recDRIKQ1l6yCKqDc,Daniel Mallen,Hurghada/Cairo,2026-07-22T11:58:31.000476,2,2,"Thank you. Looking forward to the trip."
recG94CPMCcYZUsQq,Bastien Frossard,Hurghada/Cairo,2026-07-22T11:00:52.508512,1,1,"Hello   we will be 4 personne   Bastien Frossard  39 years old  Thuy Mong Tuyen Frossard  39 years o"
recL2fy8uR6VRAgTb,Andrea Bach,Hurghada/Cairo,2026-07-22T08:33:36.444510,14,1,"Loved it!Von meinem/meiner Galaxy gesendet"
recwTixTBLQ3BaS6T,G D,Hurghada/Cairo,2026-07-21T20:49:01.537646,1,0,"Name: Gordon Dwamena  Hotel: Bel Air Azur Resort  Room number: 350"
recT65j9qhW89e47H,Shaun Edam,Hurghada/Cairo,2026-07-21T18:59:34.861779,2,2,"Hi     I just want to confirm the pick up time. Because I thought I booked it at  04:30 and I’d hate"
recAaWPgPyPMIbZGn,Lucia Merz,Hurghada/Cairo,2026-07-21T18:59:19.629985,1,0,"6150"
recvNyX5mK4O9nhKL,Mehmet Akif Ilbay,Hurghada/Cairo,2026-07-21T18:13:50.447866,3,0,"Hi     Booking number : GYGG45N2NAHY        Met vriendelijke groet     Enes Ilbay    Op 21 jul 2026 "
rec0D0LtiIcOVDkyU,Scott Fulton,Hurghada/Cairo,2026-07-21T16:21:00.998529,8,0,"Hello   Traveler names - Scott Fulton   Deborah Fulton  Long Beach hotel room 999"
recogzcQgG3EY3fOS,Charlotte Saunders,Hurghada/Cairo,2026-07-21T12:36:27.178130,1,1,"Charlotte Saunders  Kevin Phelan  Caves beach resort hotel  we do not have our room number yet"
recxjoZyzb52xgVmK,Virginie Boulet,Hurghada/Cairo,2026-07-20T19:18:31.208227,1,0,"Dear Supply Partner     Thank you for taking care of our bookings.    I'd like to request a pickup c"
recByCqm2aEiodmXH,Luís Teixeira,Hurghada/Cairo,2026-07-20T14:24:45.428125,1,1,"Luís Teixeira   31 years   Serenity Makadi"
recqurtocP2U181sn,Rakesh Gohil,Hurghada/Cairo,2026-07-20T14:20:26.625467,2,2,"Room number 4222 as requested"
rec2T29K0Ta5mKNbM,Carsten Schreier,Hurghada/Cairo,2026-07-20T12:02:06.905175,1,1,"Carsten Schreier   Kerstin Weichert   Antonia Sophie Schreier  Julian Constantin Schreier (11 years "
recuprgJ7YrLTpRo0,Mashal sanjeeda,Hurghada/Cairo,2026-07-19T23:21:19.552667,3,0,"Please call us before you arrive"
rec0OhFR0RfLo5Jzq,Edward Davidson,Hurghada/Cairo,2026-07-19T20:31:01.135528,1,0,"Fiona adams  Edward Davidson  Chriss Adams  Sophie Adams  Jack Adams  Jamie Adams. Hotel Jaz aquamar"
recXvvMKeUbVhKiB7,Talha Seker,Hurghada/Cairo,2026-07-19T19:44:39.090823,1,1,"Hey as I said I live in an apartment next to moon beach and for all the activities I just type in mo"
recEJx9PVWFK4KxSH,SERVAIS Jerome,Hurghada/Cairo,2026-07-19T19:44:26.300916,1,1,"Hi   can you confirm me the hour for the pick up tomorrow morning please ?  tks"
reccq2Kwd6gtVBrWl,Maryse Tresegnie,Hurghada/Cairo,2026-07-19T15:07:14.995170,3,0,"Thank you"
recMK30QwIPpVPg6a,Guest,Religious,2026-07-19T13:12:20.368684,69,0,"يا ريت معلش تشرحلي الفرق بين البرامج كلها"
recOqk4b3uVhCIfBg,Tremant Mailys,Hurghada/Cairo,2026-07-19T12:59:53.074454,2,0,"parfait merci bonne journée"
recnJPpQPVK6tpJOM,Guest,Religious,2026-07-19T11:27:53.133524,3,0,"تفاصيل اكثر عن التحسين"
recIagcmQmvDWYOBT,Thomas Batherosse,Hurghada/Cairo,2026-07-19T11:20:08.537656,4,0,"Hello it is 1343 and 1334"
recZQIpjZQUcAkUW6,Sania Rahman,Sharm,2026-07-19T00:50:09.318274,6,0,"Hello pickup location is Pickalbatros Golf Beach Resort"
recv5JRaRKDWiNuTl,Lucie Vatin,Hurghada/Cairo,2026-07-18T23:42:26.667465,3,2,"Our room number : 7404"
recCMGHmJTHjYhbj1,Martin Motylewicz,Hurghada/Cairo,2026-07-18T21:03:57.677576,1,0,"Hello  Names are  Martin Motylewicz   Jerzy Motylewicz   Jadwiga Motylewicz   Marie Motylewicz  11 y"
recGzMbHANgWiZF4s,Marta Roig Comellas,Hurghada/Cairo,2026-07-18T12:34:44.619674,1,1,"We are staying at Al Dora Hotel & Spa (Al Dora Residence  84511 Hurghada  Egypt)  but we still don’t"
rec0lClst2pIRmPAV,Abisha Thilainathan,Hurghada/Cairo,2026-07-18T09:53:19.568241,1,0,"Al Dora  31 19 20"
recIxuhOFRqWocBF0,João Mota,Hurghada/Cairo,2026-07-18T03:31:31.997054,1,0,"Hello. I’m waiting at the hotel lobby"
recobDluSGo4LD82E,Leonie Gernhardt,Hurghada/Cairo,2026-07-17T15:25:52.631473,2,2,"Room number: 6118"
recCdWAWcNYB7hk6T,Fergougui Camelia,Hurghada/Cairo,2026-07-17T11:45:44.225814,2,0,"Hello     Thank you for the confirmation.    Everything is clear. We will be ready.    See you tomor"
recx8n1N9tmpGoAHS,Fatima Abbou,Hurghada/Cairo,2026-07-16T21:41:28.694413,3,0,"Hello     My number is 0041798978987."
recnK6NcEZ4Ag1QJX,Patricia Rohnstock,Hurghada/Cairo,2026-07-16T18:04:48.559051,1,1,"Room number 1305"
recwfTPFfOrwk0mg2,Guest,Hurghada/Cairo,2026-07-16T14:20:12.877468,1,0,"Hello  our room numbers are 2002 and 6006 in Sindbad Club    Verzonden vanaf Outlook voor Android<ht"
recmXEGjW9nVTnZD9,Klaus Berge,Hurghada/Cairo,2026-07-16T08:38:13.894506,2,0,"Yes  everything is fine.      Freundliche Grüße    Klaus Berge  Rorschacher Zeile 12  13407 Berlin  "
recIlNi6biChzdC0S,Antonio Sarnataro,Sharm,2026-07-15T22:15:43.513561,11,2,"Is it necessary wear swimming suit?"
recfhu4ZMg2TitCKF,Waqas Sadique,Hurghada/Cairo,2026-07-15T18:46:12.517271,11,0,"There was one thing I was unhappy about actually which I will edit my review for  we were told the N"
recZA4bgTzYMB6pwv,Maria Rahman,Hurghada/Cairo,2026-07-15T16:22:00.053071,1,0,"Maria Rahman adult 19-07-1992  Children: Zayn Cathalina 31-07-2018  Daylicia Rahman 31-12-2012  Hote"
recdwmZTOM0LTuXOg,Guest,Religious,2026-07-15T15:58:41.103227,5,0,"01006628824"
rectrRHMCLUx6zz17,Sven Dahms,Hurghada/Cairo,2026-07-15T15:33:06.331154,9,0,"Das ist ja immer das gleiche  das ihr das schreibt langsam langt es wirklich wir werden nicht mehr b"
recLUBF8pedcBa5IP,Ludivine Begrand,Hurghada/Cairo,2026-07-15T13:36:27.425579,1,1,"Room number 2451"
recP8oFUCKHYnkSFF,Anthony KLEINHANS,Hurghada/Cairo,2026-07-15T10:11:27.514819,1,1,"Hi!   Traveler names KLEINHANS Anthony  CASPAR Maud  KLEINHANS Soan  Children ages 10  Hotel: sunris"
recOg1aKDUI4B9vvM,Nicolle fiorella paniccia castaman,Hurghada/Cairo,2026-07-15T02:15:13.116948,1,0,"Ai dora resort hurgada"
reck2h36vqpOuzT5V,Guest,Religious,2026-07-15T01:49:58.944393,1,0,"٠١١٢٦٩٠٠٤٦٨"
recK7HvVcLMsJsLle,Khalid Barzanoukaev,Hurghada/Cairo,2026-07-15T00:23:20.412025,1,0,"Palm Inn hôtel"
recCuQmuoFJX6VqRB,Guest,Religious,2026-07-14T23:56:26.160783,1,0,"رقمى 01010398717"
recvY2FY7v0dB0ZAt,Nicolas Mathon,Hurghada/Cairo,2026-07-14T20:18:07.149628,1,0,"Hello  thank you for your message.  Our hotel is Stella Beach Reasort and Spa  Makadi Bay.  Traveler"
recRwq2QCAvc2f3qp,Kirstie Devin,Hurghada/Cairo,2026-07-14T20:17:50.869824,1,0,"No you have answered all my questions  thank you :)"
recCgdthjPpCgeiNS,Chantelle Littler,Hurghada/Cairo,2026-07-14T20:15:22.793202,1,0,"When do I need to send the details of my booking to you? What is the latest date?       "
recUa0CpHFxLhcxgU,Daniel Gyori,Hurghada/Cairo,2026-07-14T18:11:22.532131,3,0,"Confirm! :)"
rechlbbvhZgVKQ3ti,Guest,Religious,2026-07-14T17:45:08.000991,1,0,"01008881817"
rec9BHegxfJogZnFg,Guest,Religious,2026-07-14T17:16:04.913780,1,0,"01114499876"
rec8WqzMNNNm1DvRr,Astral Webb,Sharm,2026-07-14T17:03:22.580792,20,0,"We are at reception"
rec4a9QUyLnffJxe3,Mancuso Jessica,Hurghada/Cairo,2026-07-14T15:34:32.940319,2,0,"Bonjour à quel heure partons nous ?"
reclOhiOXkHdyaJdj,Charlotte Langan,Hurghada/Cairo,2026-07-14T14:20:07.271064,1,0,"Traveler names: Charlotte Langan  Taylor Downey-Jones  Hotel: Rewaya Inn  room 3032"
recrfXypSeGd4raVG,Marco Rossato,Hurghada/Cairo,2026-07-14T12:50:21.482959,4,2,"what time is the return to the resort scheduled?"
,Guest,Religious,2026-07-14T12:30:39.786953,8,0,"تواصل ممكن"
recbnXxkcgbcB32Oq,Tímea Kocsis,Hurghada/Cairo,2026-07-14T11:57:07.416500,4,0,"##^- Please type your reply above this line -^##    Booking Reference: BR-1419082919    Tímea K wrot"
recZnzXfxi22jQnoh,Kira Galloway,Hurghada/Cairo,2026-07-14T11:38:01.201520,15,0,"6026 is room number"
recbTVSLSM1wBpoiG,Michael Edwards,Hurghada/Cairo,2026-07-14T11:28:56.429160,3,0,"yes had a issue.you said bring your suncream.so I bought new one for £17 that day.only for it to be "
rec9TDOIuz9GVGkEZ,Tripodi Luca,Sharm,2026-07-14T09:50:12.161558,1,0,"Good morning  tomorrow  July 15th  I booked a trip for fuor people with you throught the Getyourguid"
recGNliUlkjXZCYsX,Guest,Religious,2026-07-14T09:50:06.568210,1,0,"رقمي ٠١٠٠١٠٣٧٠٣٧ ممكن التواصل معي"
recmXEGjW9nVTnZD9,Klaus Berge,Hurghada/Cairo,2026-07-14T08:48:26.663115,2,0,"Freundliche Grüße    Klaus Berge  Rorschacher Zeile 12  13407 Berlin  0151-5252-2614  Klausberge58@g"
recTpXwI37vDALMby,Cherki Lucille,Hurghada/Cairo,2026-07-14T08:42:40.349310,5,0,"Loved it!    Une excellente excursion  en petit groupe.  Notre guide Nevine était parfaite  elle nou"
recfhu4ZMg2TitCKF,Waqas Sadique,Hurghada/Cairo,2026-07-14T04:09:48.003381,1,0,"Hello  can you confirm if the car that picked us up is the same car that will take us to Luxor as th"
,Guest,Religious,2026-07-14T02:53:55.123914,13,0,"[Facebook image: https://scontent.xx.fbcdn.net/v/t39.1997-6/39178562_1505197616293642_54113442810948"
recRTAKaz4sG8Nc8Y,jo veal,Hurghada/Cairo,2026-07-14T01:07:45.845212,3,3,"Hi the pick up time said 00:40 I’m just wondering if there in there way"
,Facebook User 089079,Religious,2026-07-14T00:19:18.789120,18,0,"الوقت غير مناسب انا نايم"
recSHbbX89I5CW69Y,Guest,Religious,2026-07-13T23:44:28.198578,1,0,"لانه صعب اجى من المحله لعندكم"
,customer-6bjnuiqm3ao2lgzm@reply.getyourguide.com,Sales,2026-07-13T23:18:54.789001,1,0,"Room number 9101"
,عصفور الكناريه,Religious,2026-07-13T22:32:29.244119,5,0,"ممكن تفاصيل الحج البرى"
recCSbGlPKkd85MuG,Saskia De Langhe,Hurghada/Cairo,2026-07-13T21:52:11.515162,1,0,"hello Ahmed.  ok. but in the App stood that the tour starts at 10am. 8 o'clock is too early. ..is th"
rec5qll5znk5sdaec,Ezzouine Nadia,Hurghada/Cairo,2026-07-13T21:51:44.878339,1,0,"    Hello        As you can see below the room number  505 hotel Blend club aqua  resort.    2 perso"
recCSbGlPKkd85MuG,Saskia De Langhe,Hurghada/Cairo,2026-07-13T21:17:58.324836,1,0,"Hello  Our room number ist6205  Thanks a lot.  Kind regardsSaskia    Yahoo Mail: Suchen  organisiere"
recVyQqhITYfTn9NL,Tyler Hug,Hurghada/Cairo,2026-07-13T20:42:41.806778,2,1,"Okay Thanks should we wait in Long Beach in the entrance or before the Security Check"
rect6iWcQC7atGDlT,Helin Su Karakütük,Hurghada/Cairo,2026-07-13T20:19:08.268290,1,0,"Helin Su Karakütük   Ezgi Nazlı Tokuç   Makadi Palace   3216"
rect6iWcQC7atGDlT,Helin Su Karakütük,Hurghada/Cairo,2026-07-13T20:18:51.513352,1,0,"Helin Su Karakütük  Ezgi Nazlı Tokuç  Makadi Palace  3216  "
recBncylORSviGCyn,Guest,Religious,2026-07-13T20:04:37.797946,1,0,"01002102353"
recC5OMl8qfnbGJgU,Lyndsay Piert,Sharm,2026-07-13T18:37:20.506566,1,0,"Hi we’ve not been contacted as yet about the activity tomorrow"
recuD53TkK6GnLdSl,زكريا حمزه محمد,Religious,2026-07-13T18:36:53.171795,1,0,"01224248208 زكريا حمزه محمد"
recap1hBVmp6qnhDF,Guest,Religious,2026-07-13T17:20:12.060084,1,0,"٠١١٢٠٢٠٦٣١٠"
rec61UR5hFms9goYW,Guest,Religious,2026-07-13T15:39:04.793396,1,0,"رقم الهاتف هو.. 01148282228"
recCKhJbDlMM2EcDL,سيدة,Religious,2026-07-13T15:01:45.439773,1,0,"رقم الموبايل 01098803896"
recKRaQWwYFT9LPcE,Guest,Religious,2026-07-13T13:47:17.271230,1,0,"عايز أعرف تفاصيل البرنامج"
recBTHOfyQDqZQdJT,customer-fj4mn53zat7uhdiz@reply.getyourguide.com,Sales,2026-07-13T13:17:01.307577,2,0,"Is the driver waiting in front of the security gate or directly at the hotel entrance?"
rec5qll5znk5sdaec,Ezzouine Nadia,Hurghada/Cairo,2026-07-13T13:10:40.435436,1,0,"Dear Supply Partner     Thank you for taking care of our bookings.    I'd like to request a pickup c"
recOzLdzus25XyEFa,Guest,Religious,2026-07-13T11:28:14.456531,1,0,"ممكن نتواصل علي الواتس ٠١١١٩٨٤٩٨٤١ م محمد صابر غريب"
recvntlJj7hc8Yifs,Charlotte Crombach,Hurghada/Cairo,2026-07-13T11:20:14.574095,1,1,"Charlotte Crombach (11-09-1985)  Mila Westdorp (12-06-2008)  Melle Westdorp (12-10-2010)  Isabel Wes"
recoXnOPzCs61QZR9,Guest,Religious,2026-07-13T11:11:25.980904,2,0,"عنوان الشركة"
reco5CNYUqwCgZq3b,Elchin Khalilov,Sharm,2026-07-13T08:33:16.008743,1,1,"##^- Please type your reply above this line -^##    Booking Reference: BR-1422075639    Elchin K wro"
recMLixFiclRoEVDJ,Guest,Religious,2026-07-13T03:03:15.266586,1,0,"01021146668"
recfCGrRtgijKny8H,Daniel Patton,Hurghada/Cairo,2026-07-13T00:59:33.291207,1,0,"Daniel Robert Patton   Olivia Theresa Patton - 15 years old   Tui blue Crystal bay resort   Unsure o"
recNnofyulqe3l8wI,Oleksandra Antonets,Sharm,2026-07-13T00:51:47.924949,4,0,"It was great.    пн  13 июл. 2026 г.  00:01 Booking Ftstravel <booking@ftstravels.com>:    > [image:"
recbrHFvWnYhGqwch,Elena Woodcock,Hurghada/Cairo,2026-07-13T00:33:32.141857,3,1,"The person just arrived      Sent from Yahoo Mail for iPhone"
rec26A20QsBLc0QPB,Guest,Religious,2026-07-12T23:06:47.143988,1,0,"01091815404"
recC8A4zZATbiz7Iz,Guest,Religious,2026-07-12T23:06:28.403948,1,0,"المكان فين"
recOaoB4GlOnJbbCQ,krol aneta,Hurghada/Cairo,2026-07-12T22:36:09.487846,1,1,"krol aneta   bouthim krol Mayssa 12 ans  rewaya luxury hotel hurghada"
rec2sZHIwoh1OYrpk,Verónica Nolla Cerdera,Hurghada/Cairo,2026-07-12T22:09:34.750124,2,0,"Verónica Nolla  Adrián Lefter  Al dora residence   307"
recA3olGNyuLRObNg,Guest,Religious,2026-07-12T21:47:57.384654,1,0,"٠١١٢٢١٥٩٥١١"
rec5fLKECP1S5HS1G,Nadeem Akhtar,Sharm,2026-07-12T21:32:42.101293,1,1,"##^- Please type your reply above this line -^##    Booking Reference: BR-1416277443    Nadeem A wro"
recfQwjHLSun8iBN1,Guest,Religious,2026-07-12T21:08:38.563068,1,0,"علي الواتس رقم 01104276018"
reczf2c29R9ADE9qg,Rok Sušnik,Sharm,2026-07-12T20:05:37.287497,3,0,"Confirming pick up plan.  "
recnhBXc0lwOMskVu,Morgane Raguenes,Hurghada/Cairo,2026-07-12T19:26:29.779296,1,0,"Hello   Our room is n°202."
reco5CNYUqwCgZq3b,Elchin Khalilov,Sharm,2026-07-12T19:26:03.286190,2,0,"Hello  All clear and noted. Best regards  Elchin On Jul 12  2026  at 18:37  Booking Ftstravel &lt;bo"
recJBwSzM82iQSGcI,Mohamed Sakib Suhel,Hurghada/Cairo,2026-07-12T18:42:06.052015,2,0,"طيب تذكره الطياره بكام"
recvCQOk3AGvhcCoN,Guest,Religious,2026-07-12T18:33:23.406875,1,0,"هو بالنسبه للحج ده شامل كل المصاريف مفيش اي زياده"
rectpYg4hFSALUdOb,Guest,Religious,2026-07-12T17:36:44.641620,1,0,"01066317350"
recfanNo8pX15D3n3,BELAID LOUBNA,Hurghada/Cairo,2026-07-12T16:44:41.406909,1,0,"Your room number: 427"
rec2Y2T8yVVLUw31L,Haris Mehmedovic,Hurghada/Cairo,2026-07-12T16:44:27.313671,1,0,"Hello   Traveler names: Haris Mehmedovic  Arnela Mehmedovic  Malik Mehmedovic and Sarah Mehmedovic  "
recnJ6iovkdwSmG4G,Loreen Muthoni,Hurghada/Cairo,2026-07-12T16:13:35.087096,1,0,"Our room number is 3036"
recWVpeL48KghhXFm,Domonkos Gyimesi,Hurghada/Cairo,2026-07-12T12:53:29.921683,4,0,"Room number 331"
recnMLhlV6J008IQO,Robert Allcott,Hurghada/Cairo,2026-07-12T12:31:43.362293,1,0,"room 3229 :)"
rec79fqDDN158N5uQ,Guest,Religious,2026-07-12T12:14:06.756730,1,0,"01013952127"
recq2AuuTjyPxCBXX,Guest,Religious,2026-07-12T08:25:53.764752,1,0,"01200705887"
recZnzXfxi22jQnoh,Kira Galloway,Hurghada/Cairo,2026-07-11T21:56:22.861237,1,0,"What details off the passports do you need?"
rec0GB9IoqP79L4n5,Wiktoria Kurowska,Hurghada/Cairo,2026-07-11T21:49:52.150933,1,0,"Room number 2049"
,Facebook User 666337,Religious,2026-07-11T19:17:57.545400,18,0,"المسافة بين الحرم النبوي والفندق كم متر"
recblb4gi9aKiL8Y8,Guest,Religious,2026-07-11T19:14:51.045202,1,0,"حاضر"
rec3G55QFeD5Zuqzs,Kirran Nazh,Hurghada/Cairo,2026-07-11T19:09:10.673423,1,1,"Hello     Thank you. We are looking forward to it.    Travelers    Kirran Nazh  Monica Ortega    Hot"
recdSWSczzNJOfCJt,Marlène Lava,Hurghada/Cairo,2026-07-11T18:40:08.629722,1,0,"Bonjour   Est-ce qu’il y a des indications particulières quand aux tenues vestimentaires ?  Merci be"
recUdxcs0d4kn7z3p,Sarah Grau,Hurghada/Cairo,2026-07-11T18:21:41.581367,1,0,"Hello  I have a question about the Cairo trip this night. When we arrive can we  leave stuff that we"
recJSlnfwU1zBLwLX,Sohil Hussain,Hurghada/Cairo,2026-07-11T17:50:01.057775,2,0,"Thank you"
recvfvDGJEBUig0RR,Guest,Religious,2026-07-11T17:24:07.229737,1,0,"01090839540"
recJiChtrpaYYUqGa,Melisa Gülbas,Hurghada/Cairo,2026-07-11T17:12:01.511639,5,0,"Okey  thank you we will be waiting at the lobby :)"
recoBfcUBV12ZUzbh,Guest,Religious,2026-07-11T16:06:05.599991,1,0,"ارجو ارسال برنامج الحج بالتفصيل للحج المباشر وفنادق المدينه و مكه وتفاصيل المخيمات بعرفه و مني وشركه"
recD8xWZrfDFot316,Cornel-Florin Tomniuc,Hurghada/Cairo,2026-07-11T16:02:07.032824,4,0,"The pick up time it’s ok :) look forward for the trip and thank you for all the support"
,Safaa Mohamed Akasha,Religious,2026-07-11T15:55:19.352742,1,0,"ام محمود الصادق الصادق"
recStMOguFds9l53w,Patrizja Castaldo,Hurghada/Cairo,2026-07-11T15:53:09.951896,4,0,"##^- Please type your reply above this line -^##    Booking Reference: BR-1414755857    Bogdan Stani"
,Facebook User 601337,Religious,2026-07-11T15:41:25.035377,12,0,"هل يمكنك إخباري عن المناسبات القادمة؟"
reczUAdP3EL8vQyuR,Noa Bruch,Hurghada/Cairo,2026-07-11T15:15:29.454054,1,0,"Hello     My name is Noa  and I’ve booked a 2-day trip to Cairo.  My booking reference is:  GYG6H779"
recf13F8vgVKH7Y6b,Guest,Religious,2026-07-11T15:08:48.677727,2,0,"البرى بكام"
recN34dRPmzXHELQn,Tracy louise,Hurghada/Cairo,2026-07-11T14:19:09.900824,2,0,"confirm"
reciH3oSZTjDzOBAR,Guest,Religious,2026-07-11T13:22:10.261073,1,0,"٠١١٥٩٤٣٢٢٠٩"
recYScORSMhJcdvJN,Guest,Religious,2026-07-11T13:21:57.465219,1,0,"تمام  01004623246   واتس"
recUC3S8WL3gRWx6n,Guest,Religious,2026-07-11T13:21:45.338808,1,0,"01101525956"
rec3myPjAig5NPLGi,Simone Haase,Hurghada/Cairo,2026-07-11T12:49:11.250744,1,0,"Hallo.  Unsere Zimmernummer 2212.  Fam Haase     Gesendet von AOL auf Android        Booking Ftstrav"
recjHkEI2dWTS37hq,Iris Schwarz,Hurghada/Cairo,2026-07-11T09:50:39.764236,2,1,"Please  confirm that you received all passports and that you noe have all  required documents ( with"
recKj0dOgfpKNmtj6,Guest,Religious,2026-07-11T05:24:51.688658,1,0,"السلام عليكم ..لا انا اول مره تقديم على الحج بس بسأل فيه حج برى تحسين 190الف ووفترة التحسين قريبه من"
recTHoAYJKwXJlIOs,Mehmet Alagöz,Hurghada/Cairo,2026-07-11T03:16:51.074783,3,2,"we are waiting loby"
recfL2rZb74gA3yJw,Guest,Religious,2026-07-11T00:49:05.542903,1,0,"تحسين"
recipOlSv5o6hlj6n,Guest,Religious,2026-07-10T20:43:48.171993,1,0,"إيه طريقة الدفع٠١٢٨٤٤٤١٦٣١"
rec83AQ3f9X00s4m7,Guest,Religious,2026-07-10T19:59:39.953340,1,0,"يا ريت خط سير الرحله"
recIZ3ERsoe9bgDj0,Guest,Religious,2026-07-10T19:21:14.039234,2,0,"تفضل"
,Guest,Religious,2026-07-10T18:47:41.334134,33,0,"إيه برامج الحج المتاحة والأسعار؟"
recnMhYp0emqZ27Rl,Guest,Religious,2026-07-10T18:33:55.217883,1,0,"رقم الواتس ٠١٢٢٢١٣٧٨٣٨"
recO2iX28afLM6toF,محمد عبد العاطي عزوز,Religious,2026-07-10T18:27:56.637614,1,0,"محمد عبد العاطي عزوز  01140444423"
recZslrGPYRtFNNkG,Guest,Religious,2026-07-10T17:51:44.026807,4,0,"ممكن توضيح"
recbsDfDVia1yreiR,Guest,Religious,2026-07-10T17:36:20.152643,1,0,"01006849502"
recq4KUsVBKJP6rGv,Guest,Religious,2026-07-10T17:20:10.782496,4,0,"في الاقتصاد ي"
recaOjStsbqBOST9P,Herath Mudiyanselage Priyantha Bandara Palapathwala,Hurghada/Cairo,2026-07-10T16:26:33.785054,2,2,"محتاج رقم اتواصل مع حضرتك"
recDVJWLzlZl20BqW,Daniel Schäfer,Hurghada/Cairo,2026-07-10T14:53:56.569346,2,0,"Can you say me the pick up time for tomorrow?"
,Facebook User 015038,Religious,2026-07-10T13:56:18.905422,16,0,"ممكن تفاصيل الحج الطيران والطيران تحسين"
recvrjkWKucQsGVYr,Louise Marie Heim,Hurghada/Cairo,2026-07-10T08:51:12.707725,1,0,"Heim Louise-Marie 53 old  Heim Gracia 17 old  Heim Kenan 13 old  GIFTUN AZUR Hotel Room N2"
recO8lfhc035RPJ2u,Olutola Naomi,Hurghada/Cairo,2026-07-10T06:03:11.860603,1,0,"Daramola Olutola Naomi  Utong Williams  Hotel name- Mercure hurghada   Room number- 1324"
recXzyFw3lq2QWCQ0,Fatima Chittalwala,Sharm,2026-07-10T01:48:11.807371,2,2,"thankyouu"
recKGXEyQMn95HnPb,Chiara Giai,Sharm,2026-07-10T01:45:51.274370,1,1,"96                                                                        Hi Fts Travels We would li"
rec3uI3Eh6LxiZEi4,Morgan Whittle,Hurghada/Cairo,2026-07-10T00:06:28.613521,2,0,"إيه برامج الحج المتاحة والأسعار؟"
recjkdWTwLANllDGQ,Bülent Selimoğlu,Sharm,2026-07-09T23:46:28.048935,1,1,"##^- Please type your reply above this line -^##    Booking Reference: BR-1363980139    Bülent S wro"
recIKbZxxWHmbxTQt,Elena Mazijn,Hurghada/Cairo,2026-07-09T22:12:27.966788,1,1,"B388"
recFI3jmQTlyX6zFq,Leonardo Turini,Hurghada/Cairo,2026-07-09T21:59:27.831671,1,1,"Hi  I booked the excursion from hurghada to Luxor on September 23rd  I saw  the message on GetYourGu"
recFLCxlEkpoEcNeH,Julie Guénard,Hurghada/Cairo,2026-07-09T21:40:37.947131,1,0,"hello   name of travelers : Julie Guenard  Christophe Pereira  Leana Pereira  hugo Pereira   age of "
recVF5jzuo9L8hPVx,Audrey BOES,Hurghada/Cairo,2026-07-09T21:22:55.971556,2,0,"Bonjour  notre numéro de chambre est le 2431."
rec5r5Umj9ttKr3zH,Zachary Parrish,Hurghada/Cairo,2026-07-09T20:48:09.782607,1,0,"woohoo! thank you. will there be any opportunity to grab bfast or lunch?"
,Facebook User 706093,Religious,2026-07-09T20:38:36.460909,5,1,"حجيت قبل كده"
,Facebook User 381554,Religious,2026-07-09T20:37:34.505562,6,0,"مفيش تقسيط"
,Facebook User 430276,Religious,2026-07-09T20:13:31.281171,13,0,"لا محبش ابقي مجرد احتياطي الشركات كتير"
rec8GFZPfmmvDnxKE,Agostino Prestino,Hurghada/Cairo,2026-07-09T20:02:39.778129,1,0,"room 7023"
,Guest,Religious,2026-07-09T19:51:06.405004,7,1,"انا حجيت من تقريبا ٥ سنين"
,Guest,Religious,2026-07-09T19:50:43.610148,3,1,"حجيت"
,Guest,Religious,2026-07-09T19:40:46.250572,1,0,"إزاي أحجز بدري؟"
,Guest,Religious,2026-07-09T19:37:45.830520,3,0,"👍"
,Guest,Religious,2026-07-09T19:37:41.746927,9,0,"👍"
,Guest,Religious,2026-07-09T19:28:32.295471,1,0,"عايز أعرف تفاصيل البرنامج"
,Guest,Religious,2026-07-09T19:02:24.803627,1,0,"ما هي برامج الحج المتاحة؟"
,Guest,Religious,2026-07-09T19:02:24.655662,1,0,"إيه مميزات طيران تحسين؟"
,Guest,Religious,2026-07-09T18:55:50.111319,1,0,"هل يمكنك إخباري عن المناسبات القادمة؟"
,Guest,Religious,2026-07-09T18:52:10.505833,1,0,"عايز أعرف تفاصيل البرنامج"
,Guest,Religious,2026-07-09T18:49:03.591648,3,0,"كام الحجز"
,Guest,Religious,2026-07-09T18:32:15.598015,1,0,"عايز أعرف تفاصيل البرنامج"
,Guest,Religious,2026-07-09T18:27:54.633990,2,0,"تمام ممكن لوكيشن الشركة"
,Guest,Religious,2026-07-09T18:22:06.067896,1,0,"إزاي أحجز؟"
,Guest,Religious,2026-07-09T18:20:09.311472,1,0,"متوفر يرامج عمرة ?"
,Leanne C,Sales,2026-07-09T18:18:17.381583,3,0,"[Customer sent an image. Image ID: 2571132010004725]"
,Guest,Religious,2026-07-09T18:16:39.913010,2,0,"إيه برامج الحج المتاحة والأسعار؟"
,Guest,Religious,2026-07-09T18:15:18.611725,1,0,"إيه مميزات طيران تحسين؟"
,Guest,Religious,2026-07-09T18:01:47.686492,1,0,"ما هي برامج الحج المتاحة؟"
,Guest,Religious,2026-07-09T17:59:14.627913,1,0,"مازال شرط الا يكن حج من قبل؟"
,Guest,Religious,2026-07-09T17:59:13.063858,1,0,"التقديم بيكون ازاي من فضلك"
,Guest,Religious,2026-07-09T17:53:42.951148,4,0,"والحجز هيكون لي"
,Guest,Religious,2026-07-09T17:53:16.604151,1,0,"اول مره"
,Guest,Religious,2026-07-09T17:50:54.636129,2,0,"عايز أعرف تفاصيل البرنامج"
,Guest,Religious,2026-07-09T16:31:10.663656,1,0,"إزاي أحجز بدري؟"
,Guest,Religious,2026-07-09T16:27:15.804583,1,0,"إزاي أحجز حجز مبكر؟"
,Guest,Religious,2026-07-09T16:27:08.635714,1,0,"تفاصيل أكثر"
recPP95SphLqEoiVs,maria dolores martinez villatoro,Hurghada/Cairo,2026-07-09T16:27:03.485299,1,0,"Nuestro número de reserva es BR-1420005207  Buenas tardes. Hoy hemos realizado una excursión con ust"
,Guest,Religious,2026-07-09T16:21:33.329352,1,0,"في قسط"
recNXOR5z6Qi0fRLk,Md Hasan,Hurghada/Cairo,2026-07-09T14:23:06.069904,1,0,"Hotel name: Jasmine Palace Resort & Spa.    Room number : 2314"
recXnMBEF4kUd6drr,Connor Ryan,Hurghada/Cairo,2026-07-09T13:37:54.131377,1,0,"##^- Please type your reply above this line -^##    Booking Reference: BR-1417922799    Connor R wro"
recsmDRPPiHNLcUSA,Jeanmougin Muller,Hurghada/Cairo,2026-07-09T13:33:33.768063,4,0,"Petite question pouvons nous emmener nos bouteilles d’eau dans l’avion ?"
recHvjB4qxYkr35lU,Deborah Lewerissa,Hurghada/Cairo,2026-07-09T12:44:52.637534,1,1,"Room 2009"
(N/A),customer-n4qtl7lpbajnpdsf@reply.getyourguide.com,Sales,2026-07-09T12:40:09.322240,1,0,"2 childrens 5 and 11"
rec20nKlkArJyGE9C,Arda Deniz,Hurghada/Cairo,2026-07-09T12:02:24.560875,1,0,"Hotel name: Hurghada Marriot Beach Resort      Room number:437"
,Guest,Sales,2026-07-09T11:00:28.005942,4,0,"صباح الخير  علب الكروت عندنا العلبه عامله 120 ج فيها 100 كارت ورقه كوشيه  وفي انواع تانيه  الفبريانو"
recipRr3ecHDamcmY,Djibril Youssef,Hurghada/Cairo,2026-07-08T23:49:13.829293,1,1,"##^- Please type your reply above this line -^##    Booking Reference: BR-1420569183    Olivia D wro"
reccwoyV8vIg9jYyG,Zinoune Amel,Hurghada/Cairo,2026-07-08T22:56:46.795168,1,0,"I’m a french student but I’ve aleready paid  how can I get a discount ?"
,Guest,Sales,2026-07-08T20:43:17.760751,4,0,"ابتداء من25 جويلية"
recFbBB3fZbdJG9tD,Lucy Stones,Hurghada/Cairo,2026-07-08T20:10:18.991539,1,0,"hi  my room number for tomorrow is 1225    Lucy Stones & Benjamin Stewart    "
,Aboamar,Sales,2026-07-08T19:29:37.438826,3,0,"انا فلسطينى"
recNzVpPelNxOUaVW,Steven Barker,Hurghada/Cairo,2026-07-08T18:59:42.895295,3,0,"Thank you  do we wait outside of reception or the gate?"
,Guest,Sales,2026-07-08T18:55:00.928000,1,0,"السلام عليكم ورحمة الله وبركاته"
rec93EmYZzeBUs6PW,Guest,Sales,2026-07-08T18:33:59.297749,5,2,"برنامج الطيران تحسين ايه"
,Facebook User 896822,Religious,2026-07-08T18:21:38.831767,8,0,"شكرا"
,Facebook User 890924,Religious,2026-07-08T18:17:47.815298,5,0,"ما هي برامج الحج المتاحة؟"
,Facebook User 701601,Religious,2026-07-08T18:15:53.683034,4,0,"لا شكرا"
recfUqgQLebPCquJF,Michael McKenzie,Hurghada/Cairo,2026-07-08T17:31:40.640552,1,0,"96                                                                        Your activity provider sen"
rec3uI3Eh6LxiZEi4,Morgan Whittle,Hurghada/Cairo,2026-07-08T15:46:01.557507,1,0,"Thank you for the pick up details  we will make sure we are ready. Do we  need us to meet you at the"
recAKak7G3NHce29A,Louis Marco Fabrizio,Hurghada/Cairo,2026-07-08T15:38:45.428171,2,0,"##^- Please type your reply above this line -^##    Booking Reference: BR-1408974019    Louis Marco "
recHTsFefU1f3y6vc,Fiona Loughran,Hurghada/Cairo,2026-07-08T15:04:00.790561,5,0,"Thank you  do we get boarding passes at the airport?    Sent from my iPhone"
,Facebook User 384364,Religious,2026-07-08T14:47:36.002486,10,0,"شكرا"
,Facebook User 110988,Religious,2026-07-08T14:26:48.680994,6,1,"Unsubscribe"
,Facebook User 457807,Religious,2026-07-08T14:05:01.404463,7,2,"Can you tell me about upcoming events?"
recc3wyAqB4lFvV42,CASSET Kevin,Hurghada/Cairo,2026-07-08T13:32:32.340215,2,0,"----------------------------------------------    Dear Supply Partner     Thanks for providing us wi"
recEgUO5WuZrzaQmC,Alex Kennedy,Hurghada/Cairo,2026-07-08T13:14:02.641313,2,2,"Our room number is 1134  thank you!    Sent from Outlook for iOS<https://u22105166.ct.sendgrid.net/l"
recWb2kaiVHVkgpxt,customer-ysg2yc66nygnbj3s@reply.getyourguide.com,Hurghada/Cairo,2026-07-08T13:00:50.358664,1,0,"and can I bring photo of passport or do I need passport with me"
,Facebook User 513770,Religious,2026-07-08T11:25:53.113052,5,0,"اشرح الفرق بين البرامج من فضلك"
,Facebook User 906745,Religious,2026-07-08T10:56:26.243486,4,0,"ينفع التقديم في الحج الاقتصادي"
recBcqHMTApXkwhvd,Sophie DUBLER-GESTRO,Hurghada/Cairo,2026-07-08T10:48:24.390941,1,0,"Traveler names :  DUBLER-GESTRO Sophie  BEAUDOIN Frédérick  BESSASSA Sarah (17)  BESSASSA Pauline (1"
,Facebook User 766828,Religious,2026-07-08T10:41:40.636502,12,1,"ممكن استفسار عن زياره السعوديه"
,Facebook User 518246,Religious,2026-07-08T09:50:48.846672,12,0,"لا شكرا"
,Facebook User 569209,Religious,2026-07-08T08:30:22.925369,2,0,"عايز أعرف تفاصيل البرنامج"
,Facebook User 510510,Religious,2026-07-08T06:11:11.102088,5,0,"إزاي أحجز بدري؟"
,Facebook User 839517,Religious,2026-07-08T06:04:58.773632,1,0,"عايز أعرف تفاصيل البرنامج"
,Facebook User 460341,Religious,2026-07-08T05:20:31.651442,3,0,"شكرا جزيلا لحضرتك"
,Facebook User 325803,Religious,2026-07-08T04:09:22.639204,5,0,"تمام"
recdgrvcYFH6cIwP0,tiziana baldassarre,Hurghada/Cairo,2026-07-08T03:26:11.469148,2,0,"We are ready"
reclbOQKRqX2Zsa0u,Nev🤍✝️,Hurghada/Cairo,2026-07-08T02:50:22.364585,4,0,"What shall I do"
recc3wyAqB4lFvV42,CASSET Kevin,Hurghada/Cairo,2026-07-08T02:27:05.306837,3,0,"J’aimerais avoir une réponse svp"
recc3wyAqB4lFvV42,CASSET Kevin,Hurghada/Cairo,2026-07-08T02:26:52.086360,1,0,"  Envoyé de mon iPhone"
,Facebook User 666662,Religious,2026-07-08T02:20:48.723092,2,0,"إزاي أحجز حجز مبكر؟"
,Facebook User 668190,Religious,2026-07-08T01:52:09.011973,2,0,"لست مهتم اشكرك"
,Facebook User 533598,Religious,2026-07-08T01:13:29.122665,1,0,"اسعار الحج المباشر السنه دي كام تقريبا"
recI2SOvBgAO6fMic,Giada Zampollo,Sharm,2026-07-07T22:30:09.052800,1,0,"##^- Please type your reply above this line -^##    Booking Reference: BR-1420090421    Giada Z wrot"
rectzW1gfZnh53or8,Angela Granata,Hurghada/Cairo,2026-07-07T22:06:03.898445,1,1,"Hi  we are 4 adults. Our names are: Angela Granata  Ruggiero Granata  Antonio Granata and Antonella "
reccQU8v7osoo71Uu,Alexandru Broscautanu,Hurghada/Cairo,2026-07-07T21:24:50.406207,2,2,"Confirm"
,Aisha Sisterly,Sales,2026-07-07T21:21:02.629845,9,0,"Please 🙏🏼"
recgCgcxEeUzcxsNy,Dustin Paulusch,Hurghada/Cairo,2026-07-07T19:55:31.012205,5,4,"So  room number is 1166. Pick-up is at 00:25  is that correct? looking forward to it"
recaWoTcThFMCzUvL,Pinto Rafael Ferreira Inès,Hurghada/Cairo,2026-07-07T19:29:47.292348,1,0,"J’ai besoin de m’organiser et c’est déjà 18h passé"
,Guest,Sales,2026-07-07T17:29:34.233749,3,0,"ممكن اسال على رحلات الساحل"
,Tarek El Shamy,Sales,2026-07-07T16:24:01.955112,2,0,"ممكن اعرف نظام الحج برنامج طيران تحسين والفرق بينه وبين الحج السياحي"
,Guest,Sales,2026-07-07T13:41:06.846475,9,0,"اقدم في المكتب مثلا  السي في"
recUynM5FY8j7KrNT,Sebastian Kanzer,Hurghada/Cairo,2026-07-07T13:10:43.930987,1,0,"Pickup time confirmed"
,Guest,Sales,2026-07-07T08:01:14.855085,2,0,"٤ اشخاص عائله بدون اطفال... من تاريخ 25/7 الى 4/8 برنامج سياحي...فنادق او شقق"
,Guest,Religious,2026-07-07T05:48:08.404500,3,0,"إيه برامج الحج المتاحة والأسعار؟"
,Facebook User 197729,Religious,2026-07-07T05:30:00.258306,3,0,"لوسمحت انا بابا نفسه يعمل عمره بس هو مش معايه التكلفه وهو مريض صدروسنه ٦٧ سنه لوممكن تساعدوا يطلع وا"
,Guest,Religious,2026-07-07T05:24:48.181561,2,0,"تمام ممكن تبعت التفاصيل اهلاً بيكم"
,Guest,Religious,2026-07-07T02:57:53.004696,4,0,"مفيش فرع قريب من دمياط"
,Guest,Religious,2026-07-07T02:50:46.210332,2,0,"هل يمكنني شراء تذاكر لإحدى المناسبات؟"
recjDhOefqUF30JsB,Joshua Faltin,Hurghada/Cairo,2026-07-07T01:50:27.563728,1,0," 'Pick up reminder for booking BR-1415513289'                     [ ![Check24](https://gfx.check24.d"
,Guest,Religious,2026-07-07T01:08:15.736848,3,0,"وفيهحج بري"
,Guest,Religious,2026-07-07T01:06:59.258379,4,0,"لا غاليه عايز حاجه اقل"
recJRAmMMv50bgBbd,Terrisa lee,Hurghada/Cairo,2026-07-07T00:54:16.798327,1,1,"Terrisa Lee   Joseph Fairclough-asare   Jayjay Mcmahon aged 7   Ava Mcmahon aged 6   Rewaya inn reso"
,Guest,Religious,2026-07-07T00:28:28.529312,11,0,"ما هي برامج الحج المتاحة؟"
,Guest,Religious,2026-07-07T00:25:55.627368,7,0,"عايز أعرف تفاصيل الحج الاقتصادي"
,هدي حشيش,Religious,2026-07-07T00:21:50.646673,7,0,"إيه برامج الحج المتاحة والأسعار؟"
,Guest,Religious,2026-07-07T00:04:49.367647,4,0,"إيه برامج الحج المتاحة والأسعار؟"
,Guest,Religious,2026-07-07T00:04:30.256775,9,0,"أن شاء الله فى أقرب وقت"
,Guest,Religious,2026-07-06T23:55:32.433892,5,0,"ال ١٩٠ الف جنيه عبرة عن اه من فضلك"
,Guest,Religious,2026-07-06T23:06:58.787514,4,0,"منتظر الضوابط"
,Guest,Religious,2026-07-06T23:05:54.148249,4,0,"تمام بارك الله فيكم.. هل السعر يشمل تذكرة الطيران؟.  و هل يوجد نظام تقسيط؟؟."
,Guest,Religious,2026-07-06T23:05:20.645247,2,0,"بكام"
,Guest,Religious,2026-07-06T23:04:13.158901,2,0,"لا شكرا"
,Guest,Religious,2026-07-06T22:59:49.962682,2,0,"ممكن اعرف سعر الحج الاقتصادي تحسين"
,Guest,Religious,2026-07-06T22:35:19.143229,5,0,"الحمدلله. بارك الله فيما رزق"
,Guest,Religious,2026-07-06T22:31:24.541792,3,0,"ايوة"
,Facebook User 541810,Religious,2026-07-06T22:12:40.878078,14,0,"ربنا يرزقنا"
recKs7f0jkEeuxT9P,customer.care-gsfehix6ytogcsq3@reply.getyourguide.com,Sharm,2026-07-06T22:07:09.639193,1,0,"Dear Supply Partner     Thank you for taking care of our bookings.    I'd like to request a pickup c"
,Facebook User 787743,Religious,2026-07-06T21:34:53.223528,5,0,"[Facebook image: https://scontent.xx.fbcdn.net/v/t39.1997-6/39178562_1505197616293642_54113442810948"
,Guest,Religious,2026-07-06T21:12:14.564523,1,0,"Hello I want to test the draft mode for religious."
recoto0SMDn6seZf9,Doukkali siham,Hurghada/Cairo,2026-07-06T21:00:52.988343,1,1,"2057"
,Guest,Religious,2026-07-06T20:55:01.734193,11,0,"بكام تذكرة الطيران"
recDIaJ7OATQpcIka,Zsolt Fuzesi,Hurghada/Cairo,2026-07-06T20:54:19.081327,2,0,"Dear   the pick up is at the Hotel main entrance or at the main street?"
,Guest,Religious,2026-07-06T20:52:39.038078,10,0,"طيران تحسين ايه هو"
,Facebook User 638588,Religious,2026-07-06T20:28:55.667855,6,0,"تمام"
,Facebook User 491552,Religious,2026-07-06T19:24:40.628822,7,0,"ولا ايه لانى مش فاهمة"
,Facebook User 529419,Religious,2026-07-06T19:20:05.389567,4,0,"حجيت من اكتر من 12 سنه تبع القرعه"
,Facebook User 601885,Religious,2026-07-06T19:08:06.526145,13,0,"الف شكر"
recpguQTDcv76UaKH,Viktor Paustjan,Hurghada/Cairo,2026-07-06T18:55:24.952539,1,0,"Dear Reservations     We have now amended this booking from 7/18 to 7/23.      No response to this e"
recy2sHuA1h3TQzJS,Adrian Paulewicz,Hurghada/Cairo,2026-07-06T18:49:05.767934,1,0,"Confirmed"
,Facebook User 644672,Religious,2026-07-06T17:45:54.253059,5,0,"يارب"
recTgPlxo7n57eGVi,Ashleigh Bird-Brown,Hurghada/Cairo,2026-07-06T17:05:19.489399,1,0,"Hi I’ve received our booking confirmation for our trip to the pyramids on  the 7th of July and it sa"
,Facebook User 763916,Religious,2026-07-06T16:45:08.937904,10,0,"ولدي وولدتي"
,Facebook User 254858,Religious,2026-07-06T16:43:51.159656,6,0,"يا ريت تبعت لى البرامج الى عندكوا هل فى فرق فى السعودية بين البرى والاقتصادى طيران"
,Facebook User 383278,Religious,2026-07-06T16:41:00.135302,6,0,"اللهم آمين يارب العالمين"
,Facebook User 644904,Religious,2026-07-06T16:19:58.431494,1,0,"هل يمكنني التحقق من سعر مناسبة ما؟"
,Facebook User 119034,Religious,2026-07-06T16:10:45.679970,9,0,"01115289778"
,Facebook User 469428,Religious,2026-07-06T15:46:14.780381,3,0,"حجيت"
,Facebook User 856352,Religious,2026-07-06T15:30:15.176752,5,0,"التكلفه لا تناسبنى"
,Facebook User 195302,Religious,2026-07-06T15:27:57.965479,6,0,"مع حضرتك الاستاذ سيد محمود حسين  بني سويف مركز ببا"
recJUJ8JNpztFoNtC,Rocio Valles,Hurghada/Cairo,2026-07-06T15:26:49.873026,1,0,"room 1375"
recLIAaBZZn6DZIzg,Christelle Jeandet Muller,Sharm,2026-07-06T15:24:19.447673,1,0,"Jeandet Christelle  Cindy  4  10  13  14 years old  Pickalbatros royal Moderna Sharm hôtel Aqua Park"
,Facebook User 402725,Religious,2026-07-06T15:16:08.277472,11,0,"تمام حضرتك"
,Facebook User 074727,Religious,2026-07-06T15:16:04.935769,3,0,"والتفاصيل"
recHn6VkH08pvR08e,Anna Wilson,Hurghada/Cairo,2026-07-06T14:35:27.083799,1,0,"701"
,Facebook User 628902,Religious,2026-07-06T14:32:53.097515,2,0,"تفاصيل"
,Facebook User 723204,Religious,2026-07-06T14:32:15.613143,3,0,"ولو حجزت ينفع الغى لو حصل ظرف لاقدر الله"
,Facebook User 566387,Religious,2026-07-06T14:09:30.014512,1,0,"هل يمكنك إخباري عن المناسبات القادمة؟"
,Facebook User 312755,Religious,2026-07-06T13:16:14.504774,4,0,"شكرآ جزيلا على الاهتمام و انني غير مؤهلة لهذا المبلغ"
,Facebook User 994772,Religious,2026-07-06T13:11:18.601120,2,0,"شامل تذكره طيران"
,Facebook User 448432,Religious,2026-07-06T12:43:15.524104,3,0,"لا عايزة اعمل عمرة هى بكام"
,Facebook User 873735,Religious,2026-07-06T11:47:35.174944,6,0,"واخر موعد للدفع امته علشان اجمع المبلغ"
,Facebook User 319253,Religious,2026-07-06T11:39:24.484369,2,0,"إزاي أحجز بدري؟"
,Facebook User 730413,Religious,2026-07-06T11:33:42.937698,2,0,"محجتش قبل كده"
,Facebook User 736909,Religious,2026-07-06T11:32:09.731399,1,0,"قدمت"
,Facebook User 864322,Religious,2026-07-06T11:30:21.968631,1,0,"عايز أعرف تفاصيل البرنامج"
,Facebook User 497461,Religious,2026-07-06T11:23:08.738295,2,0,"إزاي أحجز بدري؟"
,Facebook User 664037,Religious,2026-07-06T11:19:55.430410,2,0,"شكرا جدا"
,Facebook User 733986,Religious,2026-07-06T11:12:34.721353,2,0,"عايز أعرف تفاصيل البرنامج"
,Facebook User 018640,Religious,2026-07-06T11:09:18.402235,4,0,"خط السير كامل"
,Facebook User 305154,Religious,2026-07-06T11:01:59.573478,2,0,"عاوزه اعرف تفاصيل البرامج"
,Facebook User 176309,Religious,2026-07-06T10:30:33.229128,1,0,"بكام"
,Facebook User 584988,Religious,2026-07-06T10:26:16.402707,2,0,"والمتقدم لاول مرة  التكلفة كام"
,Facebook User 250512,Religious,2026-07-06T10:05:34.536458,4,0,"إيه مميزات طيران تحسين؟"
recH87p42VB7RDfqt,Chiara Prazzoli,Sharm,2026-07-06T09:56:07.005835,1,0,"Good morning we want to take the option with the quad… I already booked it but I want to confirm…"
,Facebook User 238583,Religious,2026-07-06T09:51:53.558752,7,0,"تكاليف الرحله كلها بيكون في حدود كام"
,Facebook User 604162,Religious,2026-07-06T09:41:33.748731,1,0,"قدمت"
,Facebook User 544624,Religious,2026-07-06T09:15:54.550137,1,0,"كام التقسيط شهريا"
,Facebook User 313656,Religious,2026-07-06T09:13:54.414762,3,0,"طريقه التقسيط"
,Facebook User 088486,Religious,2026-07-06T09:12:24.893177,1,0,"ما هي برامج الحج المتاحة؟"
,Facebook User 686210,Religious,2026-07-06T09:02:37.922102,4,0,"انا حجيت سنه 2000 حج قرعه فقط لا غير"
,Facebook User 123552,Religious,2026-07-06T08:27:23.449256,2,0,"إزاي أحجز؟"
,Facebook User 993699,Religious,2026-07-06T07:59:35.791094,10,0,"تمام"
,Facebook User 675280,Religious,2026-07-06T06:27:43.454427,5,0,"إيه برامج الحج المتاحة والأسعار؟"
,Facebook User 851918,Religious,2026-07-06T06:25:52.825657,1,0,"إيه مميزات طيران تحسين؟"
,Facebook User 004185,Religious,2026-07-06T06:22:54.387678,3,0,"ممكن اعرف الفنادق والنظام في منى؟"
,Facebook User 014772,Religious,2026-07-06T06:12:07.680378,1,0,"ايه المقصود بحج  تحسين؟"
,Facebook User 721069,Religious,2026-07-06T06:04:33.615133,1,0,"إزاي أحجز؟"
,Facebook User 562557,Religious,2026-07-06T05:57:21.836853,4,0,"إزاي أحجز حجز مبكر؟"
,Facebook User 885025,Religious,2026-07-06T05:52:08.623782,1,0,"عايز أعرف تفاصيل البرنامج"
,Facebook User 809184,Religious,2026-07-06T05:14:01.474328,1,0,"أنا قدمت السنة اللي فاتت وعاوز أعرف الخصم"
,Facebook User 003141,Religious,2026-07-06T05:10:24.828187,2,0,"حجت من ثلاث سنوات"
,Facebook User 568736,Religious,2026-07-06T05:08:45.335479,5,0,"اول مره"
,Facebook User 924212,Religious,2026-07-06T05:05:36.386113,2,0,"عايز أعرف تفاصيل البرنامج"
,Facebook User 569339,Religious,2026-07-06T03:33:33.052964,3,0,"اول   مؤه"
,Facebook User 137976,Religious,2026-07-06T03:25:26.108543,5,0,"إزاي أحجز بدري؟"
,Facebook User 656210,Religious,2026-07-06T03:14:30.521681,9,0,"01012075038"
,Facebook User 464922,Religious,2026-07-06T03:08:45.324195,1,0,"مهتم بس يا ريت المصداقيه والتواصل على الخاص"
,Facebook User 366711,Religious,2026-07-06T03:06:01.401612,1,0,"عايز أعرف تفاصيل البرنامج"
,Facebook User 058950,Religious,2026-07-06T03:02:23.566323,1,0,"إيه برامج الحج المتاحة والأسعار؟"
,Facebook User 482084,Religious,2026-07-06T02:59:05.696820,1,0,"إيه مميزات طيران تحسين؟"
,Facebook User 880208,Religious,2026-07-06T02:48:01.081269,1,0,"إيه مميزات طيران تحسين؟"
,Facebook User 824521,Religious,2026-07-06T02:28:41.224501,18,0,"نفسى احج بس مش مقدرتى ربنا يكتبهالى يا رب 🤲"
,Facebook User 411127,Religious,2026-07-06T02:05:53.315283,1,0,"إزاي أحجز حجز مبكر؟"
,Facebook User 370078,Religious,2026-07-06T02:00:06.106403,2,0,"تمام شكرا"
,Facebook User 756432,Religious,2026-07-06T01:54:03.713735,1,0,"ممكن مقر الشركه"
,Facebook User 467547,Religious,2026-07-06T01:48:25.089422,1,0,"إيه مميزات طيران تحسين؟"
,Facebook User 989748,Religious,2026-07-06T01:45:41.769829,3,0,"البرنامج لوسمحت"
,Facebook User 326542,Religious,2026-07-06T01:35:59.415646,1,0,"إيه مميزات طيران تحسين؟"
,Facebook User 614854,Religious,2026-07-06T01:23:02.405818,5,0,"متاح تقسيط"
,Facebook User 678218,Religious,2026-07-06T01:17:04.024398,3,0,"انا حجيت العام الماضي"
,Facebook User 852275,Religious,2026-07-06T01:03:59.580253,2,0,"الاثنين"
,Facebook User 790411,Religious,2026-07-06T01:03:24.821085,3,0,"ان حجيت من ١٠ سنوات"
,Facebook User 477795,Religious,2026-07-06T00:56:56.321495,1,0,"إيه برامج الحج المتاحة والأسعار؟"
,Facebook User 649830,Religious,2026-07-06T00:51:34.021495,2,0,"ينفع نقدم تانى"
,Facebook User 797209,Religious,2026-07-06T00:51:20.721241,6,0,"حجيت سنه ٢٠١٠ جمعيات أهليه"
,Facebook User 174447,Religious,2026-07-06T00:46:52.254407,1,0,"عايز أعرف تفاصيل البرنامج"
,Facebook User 594026,Religious,2026-07-06T00:37:01.053531,5,0,"إزاي أحجز حجز مبكر؟"
,Facebook User 375917,Religious,2026-07-06T00:34:37.098316,1,0,"إيه مميزات طيران تحسين؟"
,Facebook User 420993,Religious,2026-07-06T00:33:02.938527,5,0,"إزاي أحجز؟"
,Facebook User 958028,Religious,2026-07-06T00:27:51.428179,3,0,"إزاي أحجز؟"
,Facebook User 508910,Religious,2026-07-06T00:19:07.852829,2,0,"ممكن الاسعار والبرنامج"
,Facebook User 320371,Religious,2026-07-06T00:04:31.337429,1,0,"إيه برامج الحج المتاحة والأسعار؟"
,Facebook User 849847,Religious,2026-07-06T00:00:26.107603,1,0,"عايز أعرف تفاصيل البرنامج"
,Facebook User 875916,Religious,2026-07-05T23:54:21.296710,1,0,"إزاي أحجز؟"
,Facebook User 206681,Religious,2026-07-05T23:52:31.467619,1,0,"عايز أعرف تفاصيل البرنامج"
,Facebook User 184965,Religious,2026-07-05T23:52:08.953643,1,0,"يعني اخر سعر في الحج"
,Facebook User 280151,Religious,2026-07-05T23:51:50.123206,1,0,"تفاصيل"
,Facebook User 287460,Religious,2026-07-05T23:49:58.653826,4,0,"حارد علي حضرتك"
,Facebook User 296597,Religious,2026-07-05T23:49:35.154728,1,0,"عايز أعرف تفاصيل البرنامج"
,Facebook User 803782,Religious,2026-07-05T23:48:47.309416,2,0,"أول مره"
,Facebook User 300067,Religious,2026-07-05T23:33:21.596197,1,0,"عايز أعرف تفاصيل البرنامج"
,Facebook User 727820,Religious,2026-07-05T23:05:11.177252,3,0,"اول مره"
,Facebook User 669650,Religious,2026-07-05T22:57:43.724097,1,0,"ياريت"
,Facebook User 955699,Religious,2026-07-05T22:46:05.834790,1,0,"ايه الاسعار"
,Facebook User 560799,Religious,2026-07-05T22:44:52.168422,1,0,"حجيت هذا العام"
,Facebook User 555796,Religious,2026-07-05T22:44:07.413590,7,0,"أنا قدمت السنة اللي فاتت وعاوز أعرف الخصم"
,Facebook User 896506,Religious,2026-07-05T22:36:15.611506,2,0,"ممكن تفاصيل برنامج حج التحسين"
,Facebook User 833257,Religious,2026-07-05T22:34:48.223751,2,0,"من فضلك ابعتلي تفاصيل عن الحج أبو 190 ألف"
,Facebook User 843143,Religious,2026-07-05T22:27:49.047166,5,0,"لاء معلش لو ممكن تبعت التفاصيل هنا تمام"
,Facebook User 130304,Religious,2026-07-05T22:24:10.562655,1,0,"إزاي أحجز بدري؟"
,Facebook User 298760,Religious,2026-07-05T22:22:49.182612,1,0,"حجز"
,Facebook User 115808,Religious,2026-07-05T22:10:18.363761,1,0,"هل يمكنك إخباري عن المناسبات القادمة؟"
,Facebook User 968398,Religious,2026-07-05T22:04:57.627539,1,0,"Get Started"
,Facebook User 005733,Religious,2026-07-05T22:03:47.765909,5,0,"انا بسأل لو من غير قرعه"
,Facebook User 985642,Religious,2026-07-05T22:03:26.725743,1,0,"إيه برامج الحج المتاحة والأسعار؟"
,Facebook User 639223,Religious,2026-07-05T22:01:41.430947,2,0,"إزاي أحجز؟"
,Facebook User 525371,Religious,2026-07-05T21:53:08.864388,4,0,"والسعر كام تحسين او اقتصادي"
,Facebook User 151767,Religious,2026-07-05T21:52:35.796440,5,0,"يعني مسموح"
,Facebook User 246566,Religious,2026-07-05T21:51:34.414947,1,0,"أنا قدمت السنة اللي فاتت وعاوز أعرف الخصم"
,Facebook User 898371,Religious,2026-07-05T21:37:20.176786,1,0,"اول مره  إن شاءالله إذا كان ليا نصيب  الاسعار والتفاصيل والمده هناك"
,Facebook User 237064,Religious,2026-07-05T21:32:08.261754,2,0,"اول مره احج"
,Facebook User 652201,Religious,2026-07-05T21:27:05.481011,2,0,"إيه مميزات طيران تحسين؟"
,Facebook User 398010,Religious,2026-07-05T21:14:55.027814,3,0,"أنا قدمت السنة اللي فاتت وعاوز أعرف الخصم"
,Facebook User 560530,Religious,2026-07-05T21:13:08.848033,1,0,"عايز أعرف تفاصيل البرنامج"
,Facebook User 409753,Religious,2026-07-05T21:09:09.106700,1,0,"تفاصيل اكثر عن رحلات العمرة و الاسعار"
rechGXRNZ4l081OCu,Rio Ludivine,Hurghada/Cairo,2026-07-05T21:07:36.508236,3,1,"Room 492"
,Facebook User 702048,Religious,2026-07-05T20:57:44.981080,3,0,"تم"
,Facebook User 008065,Religious,2026-07-05T20:57:30.716793,2,0,"ممكن خط سير الرحلة كامل وتفاصيل اكتر عن فترة الحج نفسها المخيمات ف منى وقربها من الجمرات حوالي قد اي"
,Facebook User 218684,Religious,2026-07-05T20:57:16.308138,11,0,"لوسمحت"
,Facebook User 086150,Religious,2026-07-05T20:49:29.583194,1,0,"أنا قدمت السنة اللي فاتت وعاوز أعرف الخصم"
,Facebook User 649492,Religious,2026-07-05T20:49:18.722678,2,0,"لا لم يسبق لى أن قدمت اول مرة ويارب يقبلنى هذا العام واكون منهم إن شاء الله"
,Facebook User 307090,Religious,2026-07-05T20:36:27.264716,3,0,"هواناحجيت مش تبع شركه كنت عامله تأشيره زياره سنه وفضلت 3شهورلميعاد الحج الوضع هايبقي ايه"
,Facebook User 702419,Religious,2026-07-05T20:27:44.759844,6,0,"ومكان الشركة فين بالظبط"
,Facebook User 514827,Religious,2026-07-05T20:25:39.425499,3,0,"الف شكر"
,Facebook User 258235,Religious,2026-07-05T20:22:37.653302,1,0,"مهتم"
,Facebook User 516170,Religious,2026-07-05T20:19:24.502324,5,0,"قدمت قرعة الحج السياحى وما حصل نصيب"
,Facebook User 062383,Religious,2026-07-05T20:18:51.804233,4,0,"تفاصيل"
,Facebook User 121029,Religious,2026-07-05T20:07:36.050473,4,0,"التذكرة من ضمن مصاريف الرحلة؟؟؟"
,Facebook User 608204,Religious,2026-07-05T20:00:53.289267,1,0,"ما هي برامج الحج المتاحة؟"
,Facebook User 322317,Religious,2026-07-05T19:57:51.771353,11,0,"فية تقسيط ؟ او تسهيلات فى الدفع"
,Facebook User 603249,Religious,2026-07-05T19:42:46.548667,2,0,"إزاي أحجز بدري؟"
,Facebook User 047658,Religious,2026-07-05T19:40:24.297048,2,0,"وماطلعتش فى القرعة"
,Facebook User 817948,Religious,2026-07-05T19:35:37.952546,1,0,"عايز أعرف تفاصيل البرنامج"
,Facebook User 152999,Religious,2026-07-05T19:12:43.892964,7,0,"الحمدلله انا قدمت علي الواتس ودفعت جدية الحجز 1000جنيه علي نفس رقم التواصل الموسم الماضي"
,Facebook User 880949,Religious,2026-07-05T19:12:38.638975,1,0,"يارب من كرمك الواسع"
,Facebook User 351578,Religious,2026-07-05T19:12:06.029417,1,0,"إزاي أحجز حجز مبكر؟"
receIc8kJLeU5vJHV,Charlène Alavoine,Hurghada/Cairo,2026-07-05T19:11:55.425049,2,0,"C’est bon pour nous 👍"
,Facebook User 438617,Religious,2026-07-05T19:09:53.084900,1,0,"اول مره"
,Facebook User 254009,Religious,2026-07-05T19:00:32.187026,1,0,"ممكن تفاصيل اكتر"
,Facebook User 476645,Religious,2026-07-05T18:34:23.820546,2,0,"انا حجت ٢٠٠٩ مع قرعة وزارة الداخلية المصرية"
recqhfyn8brP2uA7t,Alexis Kennedy,Hurghada/Cairo,2026-07-05T18:30:05.090364,3,0,"##^- Please type your reply above this line -^##    Booking Reference: BR-1417679231    Alexis K wro"
,Facebook User 864380,Religious,2026-07-05T18:30:03.155696,3,0,"ببرنامج طيران تحسين"
,Facebook User 286808,Religious,2026-07-05T18:27:42.164196,6,0,"01001143969"
,Facebook User 196140,Religious,2026-07-05T18:25:01.376920,1,0,"إيه مميزات طيران تحسين؟"
,Facebook User 249399,Religious,2026-07-05T18:17:33.013591,3,0,"العنوان فيش زىاده . بعد كده ده اخر سعر"
,Facebook User 343825,Religious,2026-07-05T18:10:56.919210,2,0,"Can you tell me about upcoming events?"
,Facebook User 914974,Religious,2026-07-05T18:10:05.698699,7,0,"بس كنت حابة اعرف  المفروض بعد كام سنة ممكن اقدم في القرعة"
,Facebook User 063635,Religious,2026-07-05T18:01:00.730754,1,0,"عايز أعرف تفاصيل البرنامج"
,Facebook User 039427,Religious,2026-07-05T17:53:00.137060,1,0,"عايز أعرف تفاصيل البرنامج"
recMVDC1gr5e5iVhO,Andre Zwerschke,Hurghada/Cairo,2026-07-05T17:52:09.838119,1,0,"The second name is Marie Heinich"
,Facebook User 163646,Religious,2026-07-05T17:50:56.807142,2,0,"ن"
,Facebook User 434773,Religious,2026-07-05T17:46:34.100044,3,0,"توضيح أكثر"
,Facebook User 536456,Religious,2026-07-05T17:40:23.338695,2,0,"اقصد كام اول مره الحج لشخصى شامل السعر"
,Facebook User 227607,Religious,2026-07-05T17:40:15.939464,1,0,"هل يمكنني التحقق من سعر مناسبة ما؟"
,Facebook User 736096,Religious,2026-07-05T17:38:35.593356,4,0,"واتس اب"
,Facebook User 680443,Religious,2026-07-05T17:35:57.700296,1,0,"إزاي أحجز؟"
,Facebook User 680026,Religious,2026-07-05T17:35:49.211170,3,0,"التكاليف كام"
,Facebook User 326519,Religious,2026-07-05T17:31:32.704916,3,0,"ياريت"
,Facebook User 821629,Religious,2026-07-05T17:30:15.564339,1,0,"إيه برامج الحج المتاحة والأسعار؟"
,Facebook User 611889,Religious,2026-07-05T17:28:04.880295,6,0,"أنا قدمت في قرعه الحج السنة الماضية أنا والزوجة وعايز اعرف سعر الحج البرى كام والتفاصيل وشكرا"
,Facebook User 512835,Religious,2026-07-05T17:24:02.534393,1,0,"تفاصيل واسعار لو سمحت"
,احمد وهاس,Sales,2026-07-05T17:23:16.408262,1,0,"السلام عليكم ورحمه الله"
,Facebook User 409968,Religious,2026-07-05T17:19:40.347944,2,0,"اشكرك جدا كده حيكون كتير عليا قوي"
recTX3vyHqnFaesN6,customer-7zappjfxz2imo7nv@reply.getyourguide.com,Hurghada/Cairo,2026-07-05T17:18:50.053410,1,0,"Hello! Our room number is 4134 and we are at Grand Palace Hotel. Very excited for tomorrow! If Whats"
,Facebook User 585616,Religious,2026-07-05T17:18:23.557238,1,0,"ما شاء الله ربنا يكتبها لنا ان شاء الله وربنا ييسر لنا امورنا ان شاء الله"
,Facebook User 189273,Religious,2026-07-05T17:16:56.229830,1,0,"ما هي برامج الحج المتاحة؟"
,Facebook User 496365,Religious,2026-07-05T17:09:16.060721,1,0,"عايز أعرف تفاصيل البرنامج"
,Facebook User 036676,Religious,2026-07-05T16:59:50.267404,7,0,"01099311996"
,Facebook User 113185,Religious,2026-07-05T16:49:48.081714,1,0,"أول مره"
,Facebook User 418165,Religious,2026-07-05T16:44:40.083622,1,0,"مهتم"
,Facebook User 834769,Religious,2026-07-05T16:38:22.621964,3,0,"الطيران ٢٢٠ الف تفاصيله ايه"
,Facebook User 459733,Religious,2026-07-05T16:37:54.450547,2,0,"اول مره"
,Facebook User 110210,Religious,2026-07-05T16:34:30.313261,1,0,"إيه مميزات طيران تحسين؟"
,Facebook User 032381,Religious,2026-07-05T16:33:35.312395,1,0,"ياريت"
,Facebook User 746242,Religious,2026-07-05T16:28:38.894975,2,0,"إيه مميزات طيران تحسين؟"
,Facebook User 143605,Religious,2026-07-05T16:25:40.599096,1,0,"عايز أعرف تفاصيل البرنامج"
,Facebook User 297748,Religious,2026-07-05T16:13:16.368337,1,0,"كم التكلفه"
,Facebook User 658835,Religious,2026-07-05T15:58:26.612481,1,0,"تحسين"
,Facebook User 333148,Religious,2026-07-05T15:48:03.065831,4,0,"ايوة"
,Facebook User 599129,Religious,2026-07-05T15:39:47.606961,3,0,"تذاكر الطيران كانت كام"
,Facebook User 969976,Religious,2026-07-05T15:39:21.332972,2,0,"عايز أعرف تفاصيل البرنامج"
,Facebook User 929064,Religious,2026-07-05T15:39:01.629742,2,0,"هل يوجد نظام تقسيط"
,Facebook User 267305,Religious,2026-07-05T15:36:01.063385,1,0,"نعم"
,Facebook User 764002,Religious,2026-07-05T15:30:17.749860,1,0,"السعر بكم لو سمحت والدور"
,Facebook User 795496,Religious,2026-07-05T15:28:36.402464,1,0,"اه قدمت السنه الماضيه  حج سياحى مكنشى فيه نصيب"
,Facebook User 424760,Religious,2026-07-05T15:25:20.298143,9,0,"حج  المباشر مرفوض نهائيًا لانها غالى وحرم"
,Facebook User 966542,Religious,2026-07-05T15:24:29.378213,2,0,"انا حجيت من قبل قرعه ٢٠١٩"
,Facebook User 987880,Religious,2026-07-05T15:16:36.203054,4,0,"تمام انت منين"
,Facebook User 234380,Religious,2026-07-05T15:14:52.462029,3,0,"!"
,Facebook User 897297,Religious,2026-07-05T15:09:14.026601,1,0,"عايز أعرف تفاصيل البرنامج"
,Facebook User 718157,Religious,2026-07-05T15:00:30.438188,2,0,"أنا قدمت السنة اللي فاتت وعاوز أعرف الخصم"
,Facebook User 917171,Religious,2026-07-05T15:00:07.851261,3,0,"كيف يمكن الحجز والدفع ومنى الدفع"
,Facebook User 860551,Religious,2026-07-05T14:55:52.626072,10,0,"الافاده"
,Facebook User 298253,Religious,2026-07-05T14:52:59.578797,2,0,"ممكن اعرف قيمة خصم الحجز المبكر بالنسبة لبرنامج تحسين"
,Facebook User 809559,Religious,2026-07-05T14:48:16.703571,3,0,"في الاسعار"
,Facebook User 273664,Religious,2026-07-05T14:41:48.425372,1,0,"أول مرة لي ولزوجي"
,Facebook User 988575,Religious,2026-07-05T14:38:59.660362,1,0,"تكلفه الحج كلها كام تتكلف كام"
,Facebook User 827732,Religious,2026-07-05T14:38:20.309977,10,0,"انا بس هستاذن حضرتك لما تنزلوا اسعار تبعتولي"
,Facebook User 911270,Religious,2026-07-05T14:26:17.717435,1,0,"عايز أعرف تفاصيل البرنامج"
rec0ODGYRfRyvZE5i,Sarah Wilkesmann,Hurghada/Cairo,2026-07-05T14:26:17.420807,2,0,"Perfect! How many people will we be at the tour?"
,Facebook User 164429,Religious,2026-07-05T14:26:07.118263,1,0,"إيه برامج الحج المتاحة والأسعار؟"
,Facebook User 872454,Religious,2026-07-05T14:23:55.476540,1,0,"لو امكن"
,Facebook User 478533,Religious,2026-07-05T14:19:56.922332,1,0,"إيه برامج الحج المتاحة والأسعار؟"
rect0iHm30pUeoehE,Krisztian Gerenyi,Hurghada/Cairo,2026-07-05T14:19:35.589828,1,0,"Room: 829"
,Facebook User 050732,Religious,2026-07-05T14:18:50.018216,9,0,"الاول خطا"
,Facebook User 266912,Religious,2026-07-05T14:01:16.455790,1,0,"لا مقدمتش"
,Facebook User 789978,Religious,2026-07-05T13:53:40.368304,18,0,"حج طيران تحسين باءذن الله"
,Facebook User 193324,Religious,2026-07-05T13:53:10.599707,3,0,"خط سير الرحلة كامل وسعر تقريبى للتذكرة"
,Facebook User 451375,Religious,2026-07-05T13:17:26.703318,1,0,"عايز أعرف تفاصيل البرنامج"
,Facebook User 515423,Religious,2026-07-05T13:16:08.801785,5,0,"إزاي أحجز؟"
,Facebook User 913162,Religious,2026-07-05T13:13:36.633713,1,0,"تاشيرات العمرة اشتغلت ولا لسة"
,Guest,Sales,2026-07-05T13:12:44.921106,2,0,"ممكن استفسار"
,Facebook User 986373,Religious,2026-07-05T13:10:12.854456,2,0,"مره من سنتين ولم يتم الاختيار"
,Facebook User 912893,Religious,2026-07-05T13:06:04.477527,7,0,"‏٠١٠٠٧٠٦١٤٣٦"
,Facebook User 267646,Religious,2026-07-05T12:54:19.156323,2,0,"طبعا يافندم"
,Facebook User 651395,Religious,2026-07-05T12:49:18.083633,3,0,"إيه مميزات طيران تحسين؟"
,Facebook User 217299,Religious,2026-07-05T12:38:29.716945,3,0,"حج تحسين دة ممكن تفاصيل"
,Facebook User 819542,Religious,2026-07-05T12:33:19.330215,1,0,"أول مرة"
,Facebook User 899189,Religious,2026-07-05T12:28:32.059681,3,0,"مع الشكر"
,Facebook User 420947,Religious,2026-07-05T12:24:38.152761,1,0,"العنوان  والبرامج المتاحة بالنسبة للاقتصادي والبري"
recIqdpwby8d7If7V,Monika Neumann,Sharm,2026-07-05T12:22:10.888627,1,0,"96                                                                        A customer sent you a mess"
,Facebook User 302633,Religious,2026-07-05T12:21:54.853986,1,0,"تمام"
,Facebook User 079971,Religious,2026-07-05T12:05:09.344696,3,0,"رقم الهاتف"
,Facebook User 100528,Religious,2026-07-05T12:00:05.943776,2,0,"شكرا جزيلا"
,Facebook User 583254,Religious,2026-07-05T11:45:19.149333,1,0,"انا بعت الرقم بس محدش اتواصل معايا على الواتس وعايزة اعرف فى تقسيط والا لا"
,Facebook User 399756,Religious,2026-07-05T11:36:18.600827,2,0,"ابعت.الطىران.العادى"
,Facebook User 672274,Religious,2026-07-05T11:35:27.752915,1,0,"[Customer sent a Facebook audio]"
,Facebook User 366414,Religious,2026-07-05T11:35:16.026863,5,0,"إزاي أحجز بدري؟"
,Facebook User 167624,Religious,2026-07-05T11:32:37.383894,2,0,"ممكم تفاصيل البرنامج"
,Facebook User 398688,Religious,2026-07-05T11:31:38.093574,2,0,"والسعر طيران تحسين"
,Facebook User 486798,Religious,2026-07-05T11:31:19.510723,4,0,"ما هي برامج الحج المتاحة؟"
,Facebook User 202639,Religious,2026-07-05T11:28:58.077182,1,0,"ممكن اعرف كيفيه الحجز ومكان الشركه١"
,Facebook User 281895,Religious,2026-07-05T11:14:53.143405,5,0,"ورقم التلفون"
,Facebook User 721896,Religious,2026-07-05T10:59:26.792575,2,0,"لو عرفت أضبط امورى هتواصل معاكم"
,Facebook User 422281,Religious,2026-07-05T10:58:46.522683,4,0,"إيه مميزات طيران تحسين؟"
,Facebook User 221871,Religious,2026-07-05T10:38:17.966790,1,0,"Can I check the price of an event?"
,Facebook User 107315,Religious,2026-07-05T10:36:01.805008,3,0,"٠١١١٦٣٧٤٤٠١"
,Facebook User 759413,Religious,2026-07-05T10:29:23.321506,6,0,"إزاي أحجز؟"
,Facebook User 019497,Religious,2026-07-05T10:25:48.219216,5,0,"إيه مميزات طيران تحسين؟"
,Facebook User 324624,Religious,2026-07-05T10:22:01.977701,1,0,"عايز أعرف تفاصيل البرنامج"
,Facebook User 289461,Religious,2026-07-05T10:02:32.747645,1,0,"إزاي أحجز حجز مبكر؟"
,Facebook User 162148,Religious,2026-07-05T09:59:30.286263,3,0,"ان شاء الله ارد علي حضرتك في اقرب وقت"
,Facebook User 413375,Religious,2026-07-05T09:48:18.401545,3,0,"اول مره"
,Facebook User 763051,Religious,2026-07-05T09:35:46.058561,2,0,"عايز اعرف الخصم كم"
,Facebook User 882396,Religious,2026-07-05T09:34:08.434148,1,0,"العنوان من فضلك"
,Facebook User 751578,Religious,2026-07-05T09:22:01.276590,2,0,"ابعتلى رقم واتس اب"
,Facebook User 316962,Religious,2026-07-05T09:18:13.905043,2,0,"إزاي أحجز حجز مبكر؟"
,Facebook User 671164,Religious,2026-07-05T08:55:08.546845,4,0,"بس ده طبعا قرعة"
,Facebook User 459919,Religious,2026-07-05T08:53:05.954930,1,0,"أنا قدمت السنة اللي فاتت وعاوز أعرف الخصم"
,Facebook User 960297,Religious,2026-07-05T08:50:43.375591,3,0,"ممكن تفاصيل"
,Facebook User 541687,Religious,2026-07-05T08:47:46.013288,3,0,"إزاي أحجز حجز مبكر؟"
,Facebook User 219952,Religious,2026-07-05T08:29:55.629690,1,0,"حجيت فى ٢٠٢٤ ممكن اقدم تانى السنه دى"
,Facebook User 297058,Religious,2026-07-05T08:28:02.972828,1,0,"عايز أعرف تفاصيل البرنامج"
,Facebook User 591565,Religious,2026-07-05T08:26:29.907683,4,0,"ممكن تفاصيل"
,Facebook User 666497,Religious,2026-07-05T08:20:12.093534,3,0,"طيب بعد اذنكوا السنة  دى كلف كام وتذاكر كانت كام"
,Facebook User 321907,Religious,2026-07-05T06:23:44.753007,4,0,"ممكن عنوان الشركه"
,Facebook User 433265,Religious,2026-07-05T06:12:58.723896,4,0,"عاوز اهم بسي تتكلف كام"
,Facebook User 365578,Religious,2026-07-05T05:22:39.036159,1,0,"قدمت للحج السنة الي فاتت"
,Facebook User 988350,Religious,2026-07-05T05:11:52.653595,1,0,"يسعدني الانضمام شركة سياحية اشتغل معاها مشرف ادري ودنيي وطبي عمره وحج بس ما بدى اى أموال لوجه الله ك"
,Facebook User 708955,Religious,2026-07-05T05:00:15.183597,1,0,"حجيت قبل كده"
,Facebook User 945015,Religious,2026-07-05T04:19:01.454609,1,0,"إيه مميزات طيران تحسين؟"
,Facebook User 833385,Religious,2026-07-05T04:10:38.777741,1,0,"👍"
,Facebook User 740904,Religious,2026-07-05T04:05:39.765737,1,0,"الحج"
,Facebook User 830761,Religious,2026-07-05T04:02:20.721108,4,0,"هل يمكنني التحقق من سعر مناسبة ما؟"
,Facebook User 277179,Religious,2026-07-05T03:47:15.936247,1,0,"التفاصيل"
,Facebook User 339744,Religious,2026-07-05T03:41:16.714650,1,0,"إزاي أحجز حجز مبكر؟"
,Facebook User 343944,Religious,2026-07-05T03:26:42.746776,2,0,"تفاصيل عمرة شهر يوليو"
,Facebook User 458302,Religious,2026-07-05T03:12:09.072601,1,0,"ربنا انعم عليه بالحج العام الماضي 1447واتمنا أن ينعم عليه بالحج والعمرة هذا العام"
,Facebook User 067571,Religious,2026-07-05T03:03:19.192079,2,0,"لم يسبق للحج"
,Facebook User 480968,Religious,2026-07-05T02:54:39.002202,2,0,"إزاي أحجز؟"
,Facebook User 616837,Religious,2026-07-05T02:33:33.959042,3,0,"تفاصيل الحج الاقتصادي تحسين"
,Facebook User 707572,Religious,2026-07-05T02:15:24.338784,2,0,"فين عنوان الشركه"
,Facebook User 547139,Religious,2026-07-05T01:38:45.852824,4,0,"تمام تم التواصل"
,Facebook User 233657,Religious,2026-07-05T01:01:18.610733,7,0,"عايز أعرف تفاصيل البرنامج"
reczwl66Ck5OnSgWo,Laurin Greiter,Hurghada/Cairo,2026-07-05T00:59:14.878539,1,0,"Hello  here our information:    Names: Laurin Greiter & Selina Dengg  Hotel Name: Lemon & Soul Makad"
,Facebook User 373919,Religious,2026-07-05T00:47:55.775404,4,0,"يعدي ايه"
,Facebook User 602235,Religious,2026-07-05T00:36:23.324693,2,0,"حجيت سياحى 2025"
,Facebook User 053274,Religious,2026-07-05T00:22:12.114409,4,0,"لو ينفع تمام اجي"
,Facebook User 587040,Religious,2026-07-05T00:20:15.272489,1,0,"هل يمكنك إخباري عن المناسبات القادمة؟"
,Facebook User 850879,Religious,2026-07-05T00:17:34.743413,1,0,"إيه برامج الحج المتاحة والأسعار؟"
,Facebook User 251993,Religious,2026-07-04T23:46:33.995914,1,0,"ياريت واشكرك"
,Facebook User 193048,Religious,2026-07-04T23:43:09.181447,14,0,"تمام تسلمي"
,Facebook User 294191,Religious,2026-07-04T23:36:46.113948,2,0,"انا عاوزة اسأل عن الحج المباشر لحد حج قبل كده هل متاح الحجز دلوقتى"
,Facebook User 321859,Religious,2026-07-04T23:31:49.122663,2,0,"السلام عليكم تفاصيل عمرة المولد النبوي ١٥يوم"
,Facebook User 842929,Religious,2026-07-04T23:18:40.954913,1,0,"ايه البرامج المتاحة و اسعارها"
,Facebook User 010614,Religious,2026-07-04T23:09:50.307435,4,0,"انا حجيت العام الماضى. 2026"
,Facebook User 652808,Religious,2026-07-04T22:32:15.033325,3,0,"تمام"
,Facebook User 171511,Religious,2026-07-04T22:17:40.231905,2,0,"انا حجيت قبل كدا ينفع"
,Facebook User 486837,Religious,2026-07-04T22:17:13.314874,2,0,"إزاي أحجز حجز مبكر؟"
,Facebook User 596762,Religious,2026-07-04T22:11:42.443679,21,0,"ما المطلوب حالياً للحجز"
,Facebook User 228120,Religious,2026-07-04T21:50:36.259620,1,0,"ما هي برامج الحج المتاحة؟"
,Facebook User 468791,Religious,2026-07-04T21:36:10.631177,1,0,"إيه برامج الحج المتاحة والأسعار؟"
,Facebook User 727108,Religious,2026-07-04T21:30:50.680795,5,0,"طيب هي بالنسبه للحج تاني معلش هي تفاصيل اي برامج تانيه لس مش هاتنزل دلوقتي الا مع صدور الضوابط ؟"
,Facebook User 248344,Religious,2026-07-04T21:30:40.893913,1,0,"إيه مميزات طيران تحسين؟"
,Facebook User 938015,Religious,2026-07-04T21:24:00.879360,2,0,"ما هي برامج الحج المتاحة؟"
,Facebook User 525476,Religious,2026-07-04T21:14:31.878982,1,0,"إزاي أحجز؟"
,Facebook User 664769,Religious,2026-07-04T21:13:48.065553,3,0,"قدمت"
,Facebook User 982203,Religious,2026-07-04T21:10:08.454656,1,0,"شكرا جزيلا كنت بعرف الاسعار بس"
,Facebook User 541238,Religious,2026-07-04T21:03:06.879223,3,0,"حج طيران تحسين"
,Seif Kamel,Sales,2026-07-04T20:41:59.862018,1,0,"Dear Sir\Madame    Please let me introduce myself.  My name is Seif Kamel and I have worked as a tra"
,Facebook User 447285,Religious,2026-07-04T20:36:35.266386,3,0,"الخصم كام"
,Guest,Sales,2026-07-04T20:10:05.992950,2,0,"متوفر عندكو حجز فنادق فالساحل"
,Facebook User 102113,Religious,2026-07-04T20:06:26.663603,1,0,"ما هي برامج الحج المتاحة؟"
,Facebook User 832621,Religious,2026-07-04T19:57:42.810035,2,0,"اسعار الحج البرى"
recoATdtTBvkIdwV4,Maria Rita Castellano,Hurghada/Cairo,2026-07-04T19:53:23.159965,3,0,"Perfetto grazie"
recxNV1OA1XjsCX4P,Federico Galeotti,Sharm,2026-07-04T19:51:08.860743,2,2,"thank you  see you tomorrow"
,Facebook User 091999,Religious,2026-07-04T19:49:43.962955,1,0,"إزاي أحجز بدري؟"
,Facebook User 366357,Religious,2026-07-04T19:45:07.959030,2,0,"وخطوط الطيران"
,Facebook User 141911,Religious,2026-07-04T19:42:56.686497,2,0,"انا وزوجتي"
,Facebook User 017655,Religious,2026-07-04T19:37:52.740532,2,0,"إزاي أحجز حجز مبكر؟"
,Facebook User 829756,Religious,2026-07-04T19:14:37.146987,6,0,"إزاي أحجز؟"
,Facebook User 874598,Religious,2026-07-04T19:10:29.524134,3,0,"مفيش برنامج حج سريع فنادق"
recXLyiwrPQ7KxhHH,Arfan Rashid,Sharm,2026-07-04T18:59:42.955117,1,0,"                                                                                Good news! A new boo"
,Facebook User 631065,Religious,2026-07-04T18:58:58.973648,3,0,"حج طيران اقتصاديتحسبن ٢٥٠  شامل ايه بالظبط السعر ده"
,Facebook User 980557,Religious,2026-07-04T18:39:06.649750,2,0,"عنوانكم"
,Facebook User 440260,Religious,2026-07-04T18:30:48.178393,3,0,"ايوه السعرًكام ؟"
,Facebook User 500905,Religious,2026-07-04T18:23:59.663818,1,0,"إزاي أحجز؟"
,Facebook User 129748,Religious,2026-07-04T18:23:00.505582,4,0,"أن شاء الله بالتوفيق"
,Facebook User 896538,Religious,2026-07-04T18:22:19.140135,3,0,"ماليش قسط"
,Facebook User 725227,Religious,2026-07-04T18:10:48.063525,2,0,"التفاصيل"
,Facebook User 840730,Religious,2026-07-04T18:08:56.031474,1,0,"إزاي أحجز حجز مبكر؟"
,Facebook User 219700,Religious,2026-07-04T18:06:22.074055,1,0,"بكم ان شاء الله"
,Facebook User 411299,Religious,2026-07-04T18:01:38.792904,3,0,"تحسين"
,Facebook User 695100,Religious,2026-07-04T17:53:57.722142,1,0,"عايز أعرف تفاصيل البرنامج"
,Facebook User 457659,Religious,2026-07-04T17:49:21.484510,1,0,"تحسين"
,Facebook User 105873,Religious,2026-07-04T17:42:59.507027,3,0,"محتاج حضرتك تبعتلى برامج العام السابق بالاسعار على الواتس 01206624470"
,Facebook User 185602,Religious,2026-07-04T17:42:31.162609,2,0,"حج طيران تحسين"
,Facebook User 915577,Religious,2026-07-04T17:29:33.491049,1,0,"قدمت وعايز اعرف التفاصيل"
recvsAj0krvbsIOD6,Guimaraes almeida Simao,Hurghada/Cairo,2026-07-04T17:23:03.425851,1,0,"Traveler names : Simão Guimaraes Almeida  Gabin Blassel    Hôtel name : New Eagles Downtown Zahabia "
,Facebook User 807437,Religious,2026-07-04T17:23:00.003989,1,0,"نظام البرنامج الاقتصادى ايه"
rec0V4zi2hLPkyLg4,Ivan Hammann,Hurghada/Cairo,2026-07-04T17:19:58.155096,4,3,"Hello     I reserved a trip  Booking number: GYG48YNQ58B5    You asked us different informations:   "
,Facebook User 044818,Religious,2026-07-04T17:08:02.257855,5,0,"حجيت من ٢٠١٤"
,Ibrahim Louda,Sales,2026-07-04T17:02:09.253414,1,0,"السلام عليكم ورحمة الله وبركاته"
,Facebook User 907576,Religious,2026-07-04T16:48:22.956734,1,0,"اول مره"
,Facebook User 758195,Religious,2026-07-04T16:38:06.757640,3,0,"إيه مميزات طيران تحسين؟"
,Facebook User 901839,Religious,2026-07-04T16:33:54.782809,1,0,"عايز أعرف تفاصيل البرنامج"
,Facebook User 264708,Religious,2026-07-04T16:21:58.747827,4,0,"ان شاء الله"
,Facebook User 256888,Religious,2026-07-04T16:21:25.381635,3,0,"01015568755"
,Facebook User 979585,Religious,2026-07-04T16:20:36.799746,1,0,"إيه برامج الحج المتاحة والأسعار؟"
,Facebook User 187150,Religious,2026-07-04T16:15:10.967973,2,0,"هل يمكنك إخباري عن المناسبات القادمة؟"
,Facebook User 928784,Religious,2026-07-04T16:12:50.008496,1,0,"عايز أعرف تفاصيل البرنامج"
,Facebook User 831965,Religious,2026-07-04T16:12:05.617020,1,0,"إيه برامج الحج المتاحة والأسعار؟"
,Facebook User 135935,Religious,2026-07-04T16:09:54.483700,2,0,"وهل من العزازيه فيه باسات على حساب الفندق متوفر"
,Facebook User 370662,Religious,2026-07-04T16:02:08.915963,3,0,"إزاي أحجز بدري؟"
,Facebook User 755212,Religious,2026-07-04T15:57:58.988281,1,0,"حضرتك حج طيران تحسين بيخضع للقرعه"
,Facebook User 787625,Religious,2026-07-04T15:51:17.171069,1,0,"إزاي أحجز حجز مبكر؟"
,Facebook User 031127,Religious,2026-07-04T15:49:01.882328,4,0,"اول مره"
recDOYRiZCQcQKNVP,Mehmet Canki,Sharm,2026-07-04T15:45:54.176299,4,0,"##^- Please type your reply above this line -^##    Booking Reference: BR-1418362981    mehmet c wro"
,Facebook User 263603,Religious,2026-07-04T15:40:02.366976,4,0,"[Customer sent a Facebook image]"
,Facebook User 686671,Religious,2026-07-04T15:33:18.206672,1,0,"عايز أعرف تفاصيل البرنامج"
recDOYRiZCQcQKNVP,M.Canki,Sharm,2026-07-04T15:32:07.733724,6,0,"It’s way past the time mentioned in the email. When will you be here?"
,Facebook User 070037,Religious,2026-07-04T15:18:55.860599,1,0,"عايز أعرف تفاصيل البرنامج"
,Facebook User 370075,Religious,2026-07-04T15:15:45.395488,1,0,"إيه مميزات طيران تحسين؟"
,Facebook User 765635,Religious,2026-07-04T15:14:55.084434,2,0,"حجيت منذ ٣٠ عام والحج لى"
,Facebook User 921216,Religious,2026-07-04T15:04:53.559143,1,0,"ما هي برامج الحج المتاحة؟"
,Facebook User 339553,Religious,2026-07-04T15:00:06.572857,1,0,"مكن سعر ٥ نجوم"
,Facebook User 345767,Religious,2026-07-04T14:51:14.605425,3,0,"ممكن اعرف تفاصيل برامج ٥ نجوم"
,Facebook User 663391,Religious,2026-07-04T14:48:23.223195,6,0,"01002509624."
,Facebook User 197457,Religious,2026-07-04T14:48:10.970427,3,0,"هل يمكنك إخباري عن المناسبات القادمة؟"
,Facebook User 668060,Religious,2026-07-04T14:39:44.184230,2,0,"إزاي أحجز؟"
,Facebook User 852683,Religious,2026-07-04T14:29:06.501563,1,0,"اسفة جدا بس جدت ظروف هتمنعني اسافر انا بعتذر"
,Facebook User 324901,Religious,2026-07-04T14:17:14.480176,2,0,"اول مره"
,Facebook User 873720,Religious,2026-07-04T14:16:53.654233,3,0,"شامل التزكرة  لو سمحت"
,Facebook User 479454,Religious,2026-07-04T14:10:35.117709,2,0,"لا ان شاء الله اول مره"
,Facebook User 744592,Religious,2026-07-04T14:06:42.026593,1,0,"ما هي برامج الحج المتاحة؟"
,Facebook User 298024,Religious,2026-07-04T14:03:00.297853,1,0,"عصام عزازي"
rec9rSc5K5LbynYpO,Can Wefers,Hurghada/Cairo,2026-07-04T13:57:09.783570,3,0,"Guten Tag ich habe die Gebühr von 20€ schon bezahlt"
,Facebook User 158906,Religious,2026-07-04T13:44:36.756946,2,0,"جزاكم الله خيرا"
,Facebook User 047228,Religious,2026-07-04T13:37:11.311848,1,0,"اسعاركم كام ؟؟"
,Facebook User 328206,Religious,2026-07-04T13:21:35.490616,3,0,"حج"
,Facebook User 141703,Religious,2026-07-04T13:15:17.120920,1,0,"ما هي برامج الحج المتاحة؟"
,Facebook User 810303,Religious,2026-07-04T13:14:49.216889,1,0,"برامج العمرة"
,Facebook User 611868,Religious,2026-07-04T13:04:22.064109,1,0,"ممكن تفاصيل كيفية الحج"
,Facebook User 647106,Religious,2026-07-04T13:02:41.313259,2,0,"هل يمكنني التحقق من سعر مناسبة ما؟"
,Facebook User 202967,Religious,2026-07-04T12:53:07.412232,3,0,"حج طيران"
,Facebook User 915036,Religious,2026-07-04T12:50:59.812924,1,0,"عايز أعرف تفاصيل البرنامج"
,Facebook User 328931,Religious,2026-07-04T12:46:29.134335,3,0,"العزيزية عمارة ولا فندق ؟"
,Facebook User 956013,Religious,2026-07-04T12:44:52.926229,2,0,"هل وروحت حج ٢٠١٧ ينفع اقدم"
,Facebook User 109196,Religious,2026-07-04T12:35:45.633950,3,0,"هل يمكنك إخباري عن المناسبات القادمة؟"
,Facebook User 514963,Religious,2026-07-04T12:31:39.544508,1,0,"عايز أعرف تفاصيل البرنامج"
,Facebook User 080076,Religious,2026-07-04T12:22:24.214669,1,0,"عايز أعرف تفاصيل البرنامج"
,Facebook User 729979,Religious,2026-07-04T12:21:16.890096,1,0,"عايز أعرف تفاصيل البرنامج"
,Facebook User 926243,Religious,2026-07-04T12:20:46.522559,3,0,"أول مرة"
,Facebook User 210878,Religious,2026-07-04T12:11:11.563304,5,0,"ودا ينطبق على ألا حج قبل كدة"
,Facebook User 846492,Religious,2026-07-04T12:10:31.420499,7,0,"إيه مميزات طيران تحسين؟"
,Facebook User 775031,Religious,2026-07-04T12:07:40.155222,1,0,"السلام عليكم ورحمة الله وبركاته عايزة تفاصيل"
,Facebook User 017726,Religious,2026-07-04T12:06:13.721572,3,0,"اللهم امين يارب العالمين"
,Facebook User 267507,Religious,2026-07-04T12:05:03.717934,1,0,"إزاي أحجز حجز مبكر؟"
,Facebook User 023415,Religious,2026-07-04T12:00:02.484011,1,0,"ممكن اسعار العمره"
,Facebook User 372140,Religious,2026-07-04T11:59:07.483460,3,0,"إزاي أحجز؟"
,Facebook User 398967,Religious,2026-07-04T11:58:39.859932,3,0,"تمام"
,Facebook User 300764,Religious,2026-07-04T11:53:23.974856,2,0,"لو ممكن التفاصيل"
,Facebook User 347190,Religious,2026-07-04T11:48:53.719419,1,0,"عايز أعرف تفاصيل البرنامج"
,Facebook User 689984,Religious,2026-07-04T11:42:04.927294,13,0,"بفكرك تبعتيلي تفاصيل برنامج التحسين و ال٥ نجوم علي الواتساب"
,Facebook User 586755,Religious,2026-07-04T11:41:21.852505,1,0,"ممكن لما الاسعار والضوابط تنزل اعرفها"
,Facebook User 667837,Religious,2026-07-04T11:32:36.124623,4,0,"01154212128 واذا ممكن ترسل لنا برامج العمرة لوسمحت"
,Facebook User 423114,Religious,2026-07-04T11:20:41.844635,1,0,"السعر المذكور شامل تذكرة الطيران ؟؟"
,Facebook User 818574,Religious,2026-07-04T11:20:13.458465,2,0,"عايز أعرف تفاصيل البرنامج"
,Facebook User 609746,Religious,2026-07-04T11:07:46.117720,1,0,"إزاي أحجز بدري؟"
,Facebook User 421385,Religious,2026-07-04T11:04:52.983976,1,0,"هل يمكنك إخباري عن المناسبات القادمة؟"
,Facebook User 016578,Religious,2026-07-04T10:59:54.360531,1,0,"إزاي أحجز بدري؟"
,Facebook User 969120,Religious,2026-07-04T10:59:25.282905,2,0,"عايز أعرف تفاصيل البرنامج"
,Facebook User 892953,Religious,2026-07-04T10:57:15.168265,4,0,"لا"
,Facebook User 897377,Religious,2026-07-04T10:56:07.584529,1,0,"حجيت السنه دي"
,Facebook User 491384,Religious,2026-07-04T10:50:24.454846,4,0,"01000326839"
,Facebook User 265986,Religious,2026-07-04T10:49:37.993541,3,0,"إزاي أحجز؟"
,Facebook User 546709,Religious,2026-07-04T10:47:03.424096,1,0,"عايز أعرف تفاصيل البرنامج"
,Facebook User 834273,Religious,2026-07-04T10:46:51.210412,4,0,"إيه برامج الحج المتاحة والأسعار؟"
,Facebook User 960212,Religious,2026-07-04T10:43:03.351342,1,0,"اسعار الحج الاقتصادي تحسين"
,Facebook User 609869,Religious,2026-07-04T10:39:29.971742,8,0,"لا غير مناسب ليا"
,Facebook User 274926,Religious,2026-07-04T10:36:18.552840,2,0,"أن شاء الله"
,Facebook User 134729,Religious,2026-07-04T10:34:57.357040,3,0,"اول مره"
,Facebook User 211071,Religious,2026-07-04T10:33:47.152479,8,0,"إزاي أحجز حجز مبكر؟"
,Facebook User 767153,Religious,2026-07-04T10:33:45.207394,4,0,"عايزقون"
,Facebook User 916383,Religious,2026-07-04T10:30:43.776339,2,0,"إيه مميزات طيران تحسين؟"
recXI3Tpim69fnjUx,Karolina Wińska,Hurghada/Cairo,2026-07-04T10:15:15.234490,1,0,"Hello  the trip starts in less than 15 hours  and we still haven't received any information. Could y"
,Facebook User 771823,Religious,2026-07-04T10:08:33.300385,1,0,"تقريبا السعر كام"
,Facebook User 568940,Religious,2026-07-04T10:02:44.668884,1,0,"👍"
,Facebook User 353778,Religious,2026-07-04T10:00:33.885030,3,0,"هبه احمد محمود ٠١٠٠٩١٤٤٣٩٨"
,Facebook User 142226,Religious,2026-07-04T09:56:18.226228,1,0,"إزاي أحجز حجز مبكر؟"
,Facebook User 723871,Religious,2026-07-04T09:51:58.179944,1,0,"إيه مميزات طيران تحسين؟"
,Facebook User 955003,Religious,2026-07-04T09:34:45.395098,2,0,"هو السعر دا شامل التذاكر وكل حاجه"
,Facebook User 818202,Religious,2026-07-04T09:22:09.168703,3,0,"هل يمكنك إخباري عن المناسبات القادمة؟"
,Facebook User 297641,Religious,2026-07-04T09:14:51.962521,2,0,"اول مرة احج وهل اقدم في قرعة وزارة الداخلية ام التضامن اوعن طريقكم"
,Facebook User 290558,Religious,2026-07-04T09:03:13.793783,1,0,"إزاي أحجز؟"
,Facebook User 719891,Religious,2026-07-04T08:57:07.202427,3,0,"حج طيران تحسين"
,Facebook User 988560,Religious,2026-07-04T08:51:31.511379,3,0,"ينفع مع من سبق له الحج؟؟؟"
,Facebook User 732866,Religious,2026-07-04T08:50:32.371234,3,0,"لم يسبق لي الحج"
,Facebook User 337460,Religious,2026-07-04T08:46:35.077031,1,0,"أنا قدمت السنة اللي فاتت وعاوز أعرف الخصم"
,Facebook User 189688,Religious,2026-07-04T07:13:07.080338,1,0,"أول مره"
,Facebook User 446485,Religious,2026-07-04T06:57:35.654901,3,0,"والدتى عندها ٨٠ سنة ونفسي انها تحج لانها محجتش خالص"
,Facebook User 295647,Religious,2026-07-04T06:50:46.072438,1,0,"هل يمكنك إخباري عن المناسبات القادمة؟"
,Facebook User 961281,Religious,2026-07-04T06:47:53.756289,1,0,"عايز أعرف تفاصيل البرنامج"
,Facebook User 255810,Religious,2026-07-04T06:15:27.712481,1,0,"بالضبط"
,Facebook User 761996,Religious,2026-07-04T05:32:06.128555,1,0,"ما هي برامج الحج المتاحة؟"
,Facebook User 267770,Religious,2026-07-04T05:20:52.611993,2,0,"بكام لوسمحت"
recAgdHJ3eQXOW3lq,Luca D Aniello,Hurghada/Cairo,2026-07-04T04:54:31.962702,2,0,"thank you. see you soon"
,Facebook User 880816,Religious,2026-07-04T04:45:06.675041,2,0,"عايز أعرف تفاصيل البرنامج"
,Facebook User 254687,Religious,2026-07-04T04:26:11.351875,2,0,"اول مره"
,Facebook User 646377,Religious,2026-07-04T03:52:48.622546,1,0,"قدمت ف القرعه العام الماضى والله والا قبله وكنت ف الانتظار بس ماحصلش نصيب"
,Facebook User 914248,Religious,2026-07-04T03:41:12.618529,1,0,"إزاي أحجز؟"
recPCvUjhx1PrnNoo,WANG ZUO,Hurghada/Cairo,2026-07-04T03:38:38.823812,3,0,"##^- Please type your reply above this line -^##    Booking Reference: BR-1418472813    WANG Z wrote"
,Facebook User 614405,Religious,2026-07-04T03:11:28.385959,4,0,"بكام"
,Facebook User 271341,Religious,2026-07-04T03:09:33.172246,2,0,"طب انا قدمت في الخليه ينفع"
,Facebook User 229509,Religious,2026-07-04T02:48:01.746669,1,0,"عايز أعرف تفاصيل البرنامج"
,Facebook User 281845,Religious,2026-07-04T02:39:19.932583,1,0,"إزاي أحجز بدري؟"
,Facebook User 860631,Religious,2026-07-04T02:35:59.861943,2,0,"ورقها المطلوب ايه"
,Facebook User 019056,Religious,2026-07-04T02:28:39.570901,1,0,"ما هي برامج الحج المتاحة؟"
,Facebook User 153597,Religious,2026-07-04T02:12:06.357454,6,0,"اللهم آمين يارب العالمين يكتبها للجميع"
,Facebook User 228037,Religious,2026-07-04T01:38:27.570071,2,0,"إزاي أحجز حجز مبكر؟"
,Facebook User 170760,Religious,2026-07-04T01:37:58.534263,3,0,"مش فاهمه معلش"
,Facebook User 541964,Religious,2026-07-04T01:30:32.894378,4,0,"إيه برامج الحج المتاحة والأسعار؟"
,Facebook User 384493,Religious,2026-07-04T01:28:42.595299,2,0,"إيه مميزات طيران تحسين؟"
,Facebook User 577870,Religious,2026-07-04T01:22:35.745778,2,0,"إيه مميزات طيران تحسين؟"
,Facebook User 553668,Religious,2026-07-04T01:10:51.243564,1,0,"إن شاء الله"
,Facebook User 320984,Religious,2026-07-04T01:10:33.433903,2,0,"مفيش حل تاني يكون سعره اقل من كده"
,Facebook User 603591,Religious,2026-07-04T01:06:00.304331,2,0,"أن شاءالله نتوصل معاك من الساعة كام الى الساعة كام غدا ان شاءالله"
,Facebook User 125741,Religious,2026-07-04T01:01:56.784750,1,0,"السلام عليكم  ممكن الاسعار المحتملة للحج  هذا العام"
,Facebook User 000594,Religious,2026-07-04T00:56:11.170660,4,0,"إيه مميزات طيران تحسين؟"
,Facebook User 944427,Religious,2026-07-04T00:52:03.825687,1,0,"نعم"
,Facebook User 080023,Religious,2026-07-04T00:50:22.368987,1,0,"ما هي برامج الحج المتاحة؟"
,Facebook User 409502,Religious,2026-07-04T00:49:46.661589,3,0,"إزاي أحجز حجز مبكر؟"
,Facebook User 569767,Religious,2026-07-04T00:49:07.588715,3,0,"هل يمكنني التحقق من سعر مناسبة ما؟"
,Facebook User 508927,Religious,2026-07-04T00:42:22.414637,1,0,"ياريت وكمان اعرف عدد الايام"
,Facebook User 542326,Religious,2026-07-04T00:35:23.705018,1,0,"هل يمكنني التحقق من سعر مناسبة ما؟"
,Facebook User 058958,Religious,2026-07-04T00:20:22.244194,3,0,"نوع الطيران ايه"
,Facebook User 232517,Religious,2026-07-04T00:17:33.629827,1,0,"حاجيت من١٢سنه"
,Facebook User 936241,Religious,2026-07-04T00:16:12.006062,2,0,"لكن 4 عمرات ولله الحمد"
,Facebook User 265717,Religious,2026-07-04T00:11:35.382226,3,0,"01111554387"
,Facebook User 233220,Religious,2026-07-04T00:08:00.686424,1,0,"ما المقصود بطيران تحسين"
,Facebook User 433316,Religious,2026-07-04T00:06:50.521834,1,0,"هل يمكنك إخباري عن المناسبات القادمة؟"
,Facebook User 098135,Religious,2026-07-03T23:36:02.860336,1,0,"ما هي برامج الحج المتاحة؟"
,Facebook User 179223,Religious,2026-07-03T23:22:46.945902,1,0,"عايز أعرف تفاصيل البرنامج"
,Facebook User 288291,Religious,2026-07-03T23:20:19.704893,3,0,"والمده والفنادق"
,Facebook User 663133,Religious,2026-07-03T23:14:48.998943,1,0,"قدمت"
,Facebook User 296297,Religious,2026-07-03T23:11:00.091309,6,0,"تمام يا فندم شكرا"
,Facebook User 924265,Religious,2026-07-03T22:59:12.438880,1,0,"حجيت معاكم وللله الحمد"
,Facebook User 079139,Religious,2026-07-03T22:58:49.334776,1,0,"ازاى"
,Facebook User 653803,Religious,2026-07-03T22:52:55.787827,2,0,"إزاي أحجز حجز مبكر؟"
,Facebook User 942732,Religious,2026-07-03T22:51:17.709277,5,0,"٠١٠٢٧٥٨٧٨٥٧"
,Facebook User 219279,Religious,2026-07-03T22:43:33.145407,2,0,"شكرا"
,Facebook User 950734,Religious,2026-07-03T22:40:14.113735,1,0,"قدمت هذا العام"
,Facebook User 700239,Religious,2026-07-03T22:37:38.731296,3,0,"شكرا جزيلا لك"
,Facebook User 525524,Religious,2026-07-03T22:36:10.046715,5,0,"ممكن اعرف التكلفه كام"
,Facebook User 644127,Religious,2026-07-03T22:35:22.743230,3,0,"الاسعار بالتذكرة"
,Facebook User 025933,Religious,2026-07-03T22:33:41.615976,1,0,"عايز أعرف تفاصيل البرنامج"
,Facebook User 140971,Religious,2026-07-03T22:22:22.638151,6,0,"شكرا"
,Facebook User 843230,Religious,2026-07-03T22:09:54.302333,1,0,"بالتوفيق وطلعت الحج الحمد لل"
,Facebook User 832576,Religious,2026-07-03T22:00:47.414238,1,0,"هل يمكنني التحقق من سعر مناسبة ما؟"
recWWwqYQmP6Xyp43,Ayşe gül Özbay,Hurghada/Cairo,2026-07-03T21:46:38.642361,2,0,"##^- Please type your reply above this line -^##    Booking Reference: BR-1417998013    ayse gul Ö w"
,Facebook User 078877,Religious,2026-07-03T21:44:30.476994,2,0,"مضمون لو حجزت اطلع السنه دي في القرعه"
,Facebook User 926032,Religious,2026-07-03T21:15:06.525944,1,0,"إيه مميزات طيران تحسين؟"
,Facebook User 667470,Religious,2026-07-03T21:06:45.119436,3,0,"من الاسكندرية"
,Facebook User 597012,Religious,2026-07-03T21:00:54.264455,1,0,"هل يوجد نظام تقسيط حج مباشر"
,Facebook User 764476,Religious,2026-07-03T20:58:59.770209,1,0,"إزاي أحجز؟"
,Facebook User 136174,Religious,2026-07-03T20:58:05.402512,2,0,"حجية مباشر 2018"
,Facebook User 055068,Religious,2026-07-03T20:57:19.958115,1,0,"العمرة الجديدة؟"
,Facebook User 575432,Religious,2026-07-03T20:54:32.497479,1,0,"تحسين..زوج وزوجة"
,Facebook User 185632,Religious,2026-07-03T20:45:52.820977,1,0,"كام يوم والتفاصيل"
,Facebook User 956392,Religious,2026-07-03T20:45:17.516547,4,0,"01119648071"
,Facebook User 464187,Religious,2026-07-03T20:44:58.522773,1,0,"حجيت من سنتين حج مع الدخليه هو ممكن احج سياحه من غير قرعه"
,Facebook User 878496,Religious,2026-07-03T20:41:47.473896,4,0,"https://vt.tiktok.com/ZSC4Pp55o/"
,Facebook User 040556,Religious,2026-07-03T20:36:57.285856,1,0,"تفاصيل"
,Facebook User 081967,Religious,2026-07-03T20:22:53.296109,1,0,"عايز أعرف تفاصيل البرنامج"
,Facebook User 886224,Religious,2026-07-03T20:19:04.839776,1,0,"مكان الشركة لو سمحتم"
,Facebook User 840005,Religious,2026-07-03T20:13:22.929759,3,0,"إزاي أحجز؟"
,Facebook User 921848,Religious,2026-07-03T20:07:51.837595,1,0,"إزاي أحجز حجز مبكر؟"
,Facebook User 030601,Religious,2026-07-03T20:03:19.529667,1,0,"ينفع حد يكون اقدم فى مكان تانى واقدم مع حضرتك علشان هى نفسها تروح تحج"
,Facebook User 797734,Religious,2026-07-03T20:00:29.912431,1,0,"العنوان فين"
,Facebook User 193158,Religious,2026-07-03T19:55:27.235203,1,0,"عايز أعرف تفاصيل البرنامج"
,Facebook User 431562,Religious,2026-07-03T19:47:42.370052,3,0,"مش قرعة"
,Facebook User 223368,Religious,2026-07-03T19:47:11.098141,9,0,"يعنى دا سعره كام من فضلك واول دفع كام وامتى"
,Facebook User 062794,Religious,2026-07-03T19:46:02.201263,1,0,"عايز أعرف تفاصيل البرنامج"
,Facebook User 119918,Religious,2026-07-03T19:41:50.496694,5,0,"إيه مميزات طيران تحسين؟"
recGdNIfbdEd0RsaE,Bart Borst,Hurghada/Cairo,2026-07-03T19:28:58.917919,1,0,"Will there be a driver on the airport tk bring us back to the hotel when we arive there at 21:50?"
,Facebook User 123801,Religious,2026-07-03T19:23:15.674182,2,0,"شكرا جزيلا"
,Facebook User 319886,Religious,2026-07-03T19:11:06.371387,5,0,"حج بري"
,Facebook User 018128,Religious,2026-07-03T19:10:40.560012,1,0,"ياريت"
,Facebook User 080520,Religious,2026-07-03T19:09:38.185059,1,0,"تواصلت هاتفيا معكم  شكرا للاهتمام"
,Facebook User 880800,Religious,2026-07-03T19:01:48.642333,2,0,"ما هي برامج الحج المتاحة؟"
,Facebook User 383692,Religious,2026-07-03T19:01:37.178181,3,0,"إيه مميزات طيران تحسين؟"
,Facebook User 085666,Religious,2026-07-03T18:59:43.492331,1,0,"هل يمكنني التحقق من سعر مناسبة ما؟"
,Facebook User 355120,Religious,2026-07-03T18:57:49.040002,1,0,"السيد/ مدير إدارة الحج والعمرة تحية طيبة وبعد،  الموضوع: طلب التقدم للعمل كمرافقة للحجاج  أنا السيدة"
,Facebook User 387022,Religious,2026-07-03T18:54:13.550625,1,0,"انا طلبت منكم البرنامج كامل بتاع الموسم اللي فات"
,Facebook User 668019,Religious,2026-07-03T18:37:16.638180,2,0,"من ١٤ سنه"
,Facebook User 682956,Religious,2026-07-03T18:35:09.650048,1,0,"إزاي أحجز؟"
,Facebook User 354674,Religious,2026-07-03T18:35:08.621866,3,0,"الاماكن قريبه من الحرم المكي والنبوي"
,Facebook User 718954,Religious,2026-07-03T18:34:49.062438,4,0,"الحجز لى أنا"
rec0x3UzAgnF2itsJ,Aellen Valérie,Hurghada/Cairo,2026-07-03T18:34:36.188627,2,0,"room Number 419  Thank you for the informations"
,Facebook User 064025,Religious,2026-07-03T18:31:29.619517,1,0,"هل يمكنني التحقق من سعر مناسبة ما؟"
recWN0B9ODvbrq1V8,Jefferson Monteza,Hurghada/Cairo,2026-07-03T18:30:00.942275,1,0,"& Room 1237"
,Facebook User 015554,Religious,2026-07-03T18:28:31.697290,3,0,"إزاي أحجز؟"
,Facebook User 960008,Religious,2026-07-03T18:24:32.087022,4,0,"إزاي أحجز؟"
,Facebook User 146264,Religious,2026-07-03T18:24:21.634950,1,0,"السلام عليكم ورحمة الله وبركاته  كنت بسأل عن نظام وكيل التسويق لرحلات العمرة والحج ايه التفاصيل  لو "
,Facebook User 026398,Religious,2026-07-03T18:23:22.674950,1,0,"اول مرة"
,Facebook User 216045,Religious,2026-07-03T18:13:19.500922,2,0,"إزاي أحجز؟"
,Facebook User 847630,Religious,2026-07-03T18:11:34.213297,1,0,"إيه مميزات طيران تحسين؟"
,Facebook User 962921,Religious,2026-07-03T18:03:17.604768,1,0,"إيه برامج الحج المتاحة والأسعار؟"
,Facebook User 046732,Religious,2026-07-03T17:58:29.470366,2,0,"شكرا جزيلا لحضرتك"
,Facebook User 270572,Religious,2026-07-03T17:52:20.359537,1,0,"طبعا مهتم يافندم واسف لاني انشغلت بس في بعض الأمور"
,Facebook User 079586,Religious,2026-07-03T17:49:56.790147,2,0,"إيه مميزات طيران تحسين؟"
,Facebook User 109588,Religious,2026-07-03T17:44:26.427282,1,0,"ممكن أعرف تفاصيل رحلات العمرة"
,Facebook User 461778,Religious,2026-07-03T17:40:33.064537,1,0,"....."
,Facebook User 801104,Religious,2026-07-03T17:38:12.127228,1,0,"عايز أعرف تفاصيل البرنامج"
,Facebook User 353166,Religious,2026-07-03T17:36:06.648953,1,0,"أنا قدمت السنة اللي فاتت وعاوز أعرف الخصم"
,Facebook User 376728,Religious,2026-07-03T17:34:28.444006,2,0,"عايز أعرف تفاصيل البرنامج"
recZq58iBbINUZzdk,Waldemar Wittenberg,Hurghada/Cairo,2026-07-03T17:33:45.159082,1,0,"2259 mein Zimmer"
recbpBdWyn4oYBxRz,Jacques Rescan,Hurghada/Cairo,2026-07-03T17:33:12.008025,1,1,"Notre hôtel c’est bel Air azur resort adultes only"
,Facebook User 819233,Religious,2026-07-03T17:21:39.036579,1,0,"بكام الفرد"
,Facebook User 058729,Religious,2026-07-03T17:14:27.769151,5,0,"ديه اسعار نهائيه"
,Facebook User 540031,Religious,2026-07-03T17:12:31.163401,1,0,"شكرا لحضرتك"
,Facebook User 055837,Religious,2026-07-03T16:47:01.054337,2,0,"تفضيل التحسينض"
,Facebook User 781465,Religious,2026-07-03T16:31:56.418783,6,0,"كل تفاصيل"
,Facebook User 851985,Religious,2026-07-03T16:29:50.247515,3,0,"بكام سعر برنامج حج بري أو الاقتصادي"
,Facebook User 298197,Religious,2026-07-03T16:26:32.199127,2,0,"01068186799"
,Facebook User 739692,Religious,2026-07-03T16:26:26.238760,1,0,"ما هي برامج الحج المتاحة؟"
,Facebook User 627719,Religious,2026-07-03T16:23:36.093034,2,0,"والطريق كام ساعه"
,Facebook User 337798,Religious,2026-07-03T16:23:34.779915,1,0,"لم احج من قبل"
,Facebook User 322976,Religious,2026-07-03T16:18:45.373276,1,0,"يا عم أنا كنت معاكم في الحج السنة اللي فاتت دي وشوفت ثغرات كتيرة في المدينة وفي مكة،،،مفيش باصات كان"
,Facebook User 554963,Religious,2026-07-03T16:11:27.933265,6,0,"أحمد الرخ"
,Facebook User 256371,Religious,2026-07-03T16:11:07.539849,2,0,"ممكن تفاصيل برنامج الحج اقتصادي تحسين"
,Facebook User 930282,Religious,2026-07-03T16:11:05.111665,1,0,"تحسين"
,Facebook User 313951,Religious,2026-07-03T16:08:52.401720,8,0,"01122034735"
,Facebook User 051853,Religious,2026-07-03T15:58:54.575802,1,0,"عايز أعرف تفاصيل البرنامج"
,Facebook User 866563,Religious,2026-07-03T15:51:12.900721,1,0,"السلام عليكم  انا مقدمتش ليا خصم ولا ايه"
,Facebook User 861266,Religious,2026-07-03T15:47:57.040831,2,0,"اول مره"
recleg5tNz8xpbkGl,Steve Selby,Hurghada/Cairo,2026-07-03T15:43:28.846959,1,1,"Hello ok can tried to contact on a number of occasions and still no update  and it's over a week now"
,Facebook User 459974,Religious,2026-07-03T15:39:32.084837,1,0,"عوزى اسعار العمره"
,Facebook User 059929,Religious,2026-07-03T15:31:14.605812,5,0,"اي تحسين ده"
,Facebook User 239030,Religious,2026-07-03T15:28:33.318253,1,0,"إزاي أحجز بدري؟"
,Facebook User 895865,Religious,2026-07-03T15:22:38.184109,2,0,"إيه برامج الحج المتاحة والأسعار؟"
,Facebook User 162907,Religious,2026-07-03T15:19:13.472296,1,0,"إيه مميزات طيران تحسين؟"
,Facebook User 336936,Religious,2026-07-03T15:18:51.726455,1,0,"تحسين"
,Facebook User 561275,Religious,2026-07-03T15:16:37.948334,1,0,"ان شاء الله انا حجيت اربع مرات عمره رمضان رحت اربع مرات كل رمضان بطلع فيه"
,Facebook User 321307,Religious,2026-07-03T15:16:32.885997,3,0,"إيه برامج الحج المتاحة والأسعار؟"
,Facebook User 117386,Religious,2026-07-03T15:12:31.714367,2,0,"عايز أعرف تفاصيل البرنامج"
,Facebook User 381348,Religious,2026-07-03T15:08:34.943277,6,0,"تمام"
,Facebook User 384011,Religious,2026-07-03T15:04:55.625580,2,0,"Unsubscribe"
rec1GdX1GZBsFmAre,Fernando Furasté,Hurghada/Cairo,2026-07-03T14:57:29.163179,1,0,"Hello     We still don't have the room number (see request below. Tour will be done  before hotel ch"
,Facebook User 956508,Religious,2026-07-03T14:56:43.865394,1,0,"تفاصيل"
,Facebook User 245058,Religious,2026-07-03T14:51:28.733423,1,0,"بكم.الحخ.طيران"
,Facebook User 537113,Religious,2026-07-03T14:38:47.304905,1,0,"اللهم ارزقني وانت خير الرازقين يارب يارب العالمين"
,Facebook User 748009,Religious,2026-07-03T14:34:54.238424,1,0,"برنامج عمره اقتصادى ١٥يوم"
,Facebook User 873723,Religious,2026-07-03T14:34:24.130167,3,0,"إزاي أحجز بدري؟"
,Facebook User 300203,Religious,2026-07-03T14:31:28.121668,3,0,"ما هي برامج الحج المتاحة؟"
,Facebook User 106432,Religious,2026-07-03T14:23:48.853363,2,0,"مش عايزين مشرفات حج او خدمه حجاج ؟"
,Facebook User 581660,Religious,2026-07-03T14:21:38.221783,4,0,"[Customer sent a Facebook audio]"
,Facebook User 631780,Religious,2026-07-03T14:20:27.747309,2,0,"قدمت في القرعة"
,Facebook User 815584,Religious,2026-07-03T14:17:19.154911,1,0,"تفاصيل اكثر"
,Facebook User 481653,Religious,2026-07-03T14:12:01.378277,1,0,"ممكن اسعار الحج"
,Facebook User 298127,Religious,2026-07-03T13:54:00.915520,3,0,"اول مره"
,Guest,Sales,2026-07-03T13:23:46.627016,1,0,"ممكن اسعار فنادق العين السخنه"
,Facebook User 263559,Religious,2026-07-03T13:19:34.533865,2,0,"تمام"
,Guest,Sales,2026-07-03T13:18:01.546382,1,0,"Hi  I was recommended to contact you. My group of 4-6 ppl are going to arrive in Alexandra on July 1"
,Facebook User 737017,Religious,2026-07-03T13:11:38.313407,3,0,"ده المبالغ اللي هتدفع ولا ف  فلوس هتدفع  تاني هنا أو ف الحج وكم رحله الحج كان يوم"
,Facebook User 286511,Religious,2026-07-03T12:59:19.466368,2,0,"إيه مميزات طيران تحسين؟"
,Facebook User 941585,Religious,2026-07-03T12:56:31.678901,1,0,"ياريت جزاك الله خيرا"
,Facebook User 873022,Religious,2026-07-03T12:47:43.407252,2,0,"لااسف لا اقدر ع اسعار الحج المباشر شكرا لحضرتك"
,Facebook User 968899,Religious,2026-07-03T12:39:40.790158,3,0,"تحسين"
,Facebook User 402638,Religious,2026-07-03T12:33:03.456690,1,0,"ممكن حج بري"
,Facebook User 253405,Religious,2026-07-03T12:27:15.365702,1,0,"عوزه اقدم  مشرفه رحلات"
,Facebook User 770206,Religious,2026-07-03T12:26:41.987153,2,0,"عايز أعرف تفاصيل البرنامج"
recN4gPDj6m1QlMVt,Sofia Galeotalanza,Hurghada/Cairo,2026-07-03T12:16:17.502109,1,1,"What time today"
,Facebook User 279707,Religious,2026-07-03T12:09:34.435053,2,0,"السلام عليكم من فضلك اسعار عمره المولد النبوي"
,Facebook User 982733,Religious,2026-07-03T12:05:27.871612,2,0,"أول مرة"
,Facebook User 341146,Religious,2026-07-03T11:53:37.275060,1,0,"عايز أعرف تفاصيل البرنامج"
,Facebook User 490429,Religious,2026-07-03T11:53:37.019738,1,0,"قدمت"
,Facebook User 094895,Religious,2026-07-03T11:50:19.523472,1,0,"Can you tell me about upcoming events?"
,Facebook User 330464,Religious,2026-07-03T11:39:05.580382,3,0,"[Customer sent a Facebook image]"
,Facebook User 762630,Religious,2026-07-03T11:37:42.545741,1,0,"لا قدمت في قرعة وزارة الداخلية العام الماضي"
,Facebook User 631562,Religious,2026-07-03T11:37:03.223272,1,0,"ممكن تفاصيل"
,Facebook User 148488,Religious,2026-07-03T11:36:42.320805,2,0,"برن عليكي مش بتردي"
rec4WnnGtxOp6brbO,Marco Pröhl,Hurghada/Cairo,2026-07-03T11:22:45.894080,5,0,"alles gut gegangen. danke"
,Facebook User 292262,Religious,2026-07-03T11:16:40.032484,1,0,"حجيت فى 2009 هل ينطبق على..  اللى مره خلاص مش هيحج"
,Facebook User 489071,Religious,2026-07-03T11:13:51.491272,1,0,"إيه برامج الحج المتاحة والأسعار؟"
,Facebook User 434851,Religious,2026-07-03T11:03:57.224490,1,0,"تم"
,Facebook User 323985,Religious,2026-07-03T11:02:16.074575,3,0,"تمام"
,Facebook User 473859,Religious,2026-07-03T10:58:37.793715,1,0,"عايز أعرف تفاصيل البرنامج"
,Facebook User 886797,Religious,2026-07-03T10:54:55.262055,1,0,"إزاي أحجز؟"
,Facebook User 638481,Religious,2026-07-03T10:47:56.581829,1,0,"ما هي برامج الحج المتاحة؟"
,Facebook User 186484,Religious,2026-07-03T10:41:04.939267,4,0,"قرعة داخليه"
,Facebook User 939828,Religious,2026-07-03T10:36:15.876798,1,0,"السعر كام  انا حجيت سنه ٢٠٢٤  هل ينفع احج تانى"
,Facebook User 646537,Religious,2026-07-03T10:28:06.801429,2,0,"مقر الشركة فين"
,Facebook User 391972,Religious,2026-07-03T10:21:56.616190,1,0,"بكم"
,Facebook User 841641,Religious,2026-07-03T10:19:11.679532,1,0,"السعر"
,Facebook User 120573,Religious,2026-07-03T10:18:19.708798,1,0,"ما هي برامج الحج المتاحة؟"
,Facebook User 443343,Religious,2026-07-03T10:13:24.748850,1,0,"تفاصيل التقسيط"
,Facebook User 455456,Religious,2026-07-03T10:10:05.748043,2,0,"إزاي أحجز حجز مبكر؟"
,Facebook User 672658,Religious,2026-07-03T10:04:30.792039,2,0,"يارب"
,Facebook User 853753,Religious,2026-07-03T09:51:41.751093,1,0,"ممكن تفاصيل"
,Facebook User 265385,Religious,2026-07-03T09:43:56.949849,1,0,"يا ريت"
,Facebook User 996835,Religious,2026-07-03T09:42:35.480943,2,0,"ممكن تفاصيل"
,Facebook User 250648,Religious,2026-07-03T09:40:18.591054,4,0,"حجيت سياحة سنة 2010 ينفع اقدم"
,Facebook User 748650,Religious,2026-07-03T09:26:34.919196,3,0,"0100 182 8866"
,Facebook User 699571,Religious,2026-07-03T09:03:02.605051,1,0,"اسعار ٥ نجوم"
,Facebook User 467868,Religious,2026-07-03T08:50:17.393409,2,0,"بالنسبة البري شامل كل المصاريف"
,Facebook User 528363,Religious,2026-07-03T08:39:42.150006,1,0,"إزاي أحجز؟"
,Facebook User 817132,Religious,2026-07-03T07:59:41.915634,1,0,"اول مره"
,Facebook User 065458,Religious,2026-07-03T07:15:45.416240,1,0,"إيه برامج الحج المتاحة والأسعار؟"
,Facebook User 523772,Religious,2026-07-03T07:07:16.737308,1,0,"أيوه يافندم"
,Facebook User 335062,Religious,2026-07-03T06:48:58.416027,1,0,"تمام"
,Facebook User 914959,Religious,2026-07-03T06:31:46.936540,2,0,"عاوز أعرف إجمالي التكلفة كااااااااااملة لفردين"
,Facebook User 694271,Religious,2026-07-03T06:27:54.024885,1,0,"عايز أعرف تفاصيل البرنامج"
,Facebook User 314066,Religious,2026-07-03T06:19:33.288191,3,0,"اسم الشركه"
,Facebook User 226560,Religious,2026-07-03T06:13:32.305605,2,0,"إزاي أحجز حجز مبكر؟"
,Facebook User 433407,Religious,2026-07-03T05:31:50.679088,3,0,"[Customer sent a Facebook audio]"
,Facebook User 394013,Religious,2026-07-03T05:28:00.830491,1,0,"ما هي برامج الحج المتاحة؟"
,Nada Elsayed Amer,Sales,2026-07-03T04:26:27.875581,2,0,"ايام 11ل 14يوليو"
recS9CPkQWldnK0u6,Stephanie Liston,Hurghada/Cairo,2026-07-03T01:31:59.540925,3,0,"I’ve also tried calling you as pick up was 00:50"
recO71EQC0iT5W7aN,Nathan Hagnere,Hurghada/Cairo,2026-07-02T23:54:56.994937,1,0,"The name of the hotel is AlDau Heights Apartments and Accommodation 1/7"
rec3uNZb5SQh5qLVX,Sergei Engel,Hurghada/Cairo,2026-07-02T21:41:00.599400,2,0,"1 Adult  1 Photographer/1 pax  1 River Nile boat tour"
recfEuXyUNi0fvGm2,Ambra gismondi,Sharm,2026-07-02T21:14:50.170005,4,0,"Human"
recIi8BVlmhhOP7su,Carlotta Pantano,Sharm,2026-07-02T21:05:25.980551,2,2,"il numero della camera è 4120"
,Guest,Sales,2026-07-02T20:35:28.905975,1,0,"مرحبا"
reclX7UuwXuuP82z5,Christine Castelli,Hurghada/Cairo,2026-07-02T20:17:11.639956,1,0,"##^- Please type your reply above this line -^##    Booking Reference: BR-1417525833    Christine C "
,Guest,Sales,2026-07-02T19:34:25.637980,2,0,"السلام عليكم ورحمة الله وبركاته"
,Nourhan,Sales,2026-07-02T16:15:43.723271,3,0,"."
recwCxlDniTZM1qbR,Moreau Lucie,Hurghada/Cairo,2026-07-02T14:44:00.380646,1,0,"202"
recsQLflLX3zHENp5,safia bayaza,Hurghada/Cairo,2026-07-02T14:09:46.592080,1,1,"Hi !   Number room is 323  New eagle hôtel"
,وليد العطار,Sales,2026-07-02T09:52:48.190564,3,0,"السلام عليكم ورحمه الله وبركاته وليد العطار متزوج فوق ال 45 سنه صنايعي استرجي في الدهانات صنايع استو"
,Guest,Sales,2026-07-02T04:32:21.230269,2,0,"كنت عايزة اعرف اسعار عربيات من القاهرة للاسكندرية"
rec7x7pOdgU4Z3XVy,Almas Ahmad,Hurghada/Cairo,2026-07-02T01:13:12.338708,1,1,"yes thank you"
,نادر,Sales,2026-07-01T23:12:13.381878,1,0,"السلام عليكم"
reccSygrzvD1HXLTS,Leeann brown,Hurghada/Cairo,2026-07-01T22:09:38.316888,1,0,"Hi I’m waiting for you at the coffee shop outside domestic arrivals"
recQGBJgV7HzdPHkf,Marco Taffettani,Hurghada/Cairo,2026-07-01T21:30:21.164917,2,0,"Okay sir"
rec6NV8idqXKlW2zY,Emma Ocelíková,Hurghada/Cairo,2026-07-01T20:34:17.279582,1,0,"Thank you. Here is the information:     Travelers: Emma Ocelíková  Sofie Ocelíková  Children: none  "
,Guest,Sales,2026-07-01T19:56:12.185611,1,0,"مساء الخير يفندم  بسافر اندنوسيا ايه الاجراءات وايه تحتاج منى"
recXn6sb5sOC7ordw,Alice Dowd,Sharm,2026-07-01T18:58:14.874646,1,0,"Thats great. Thank you"
reckYr9Zjze60dcwo,Abdullah Raja,Hurghada/Cairo,2026-07-01T17:11:11.916127,2,0,"Perfect thank you  what time is the actual flight and when would we back by"
recFfcGEMWc4lIAO7,Sam Hoogerheide,Hurghada/Cairo,2026-07-01T14:57:03.379175,1,0,"So the pick up time is 05:30 ?"
,Guest,Sales,2026-07-01T11:53:07.285599,3,0,"ممكن اعرف كام سعرها"
recMa6NmVyA5rYagJ,rhonda templeton,Hurghada/Cairo,2026-06-30T21:38:38.978121,1,0,"Hi    Names - Mrs Eileen Donna Tennant                  Mr James Adrian Tennant                  Mr "
recDYKjVc4Le9X4UM,Sara Merola,Hurghada/Cairo,2026-06-30T20:40:38.651772,3,0,"Please confirm me the hour of pick up"
recFbrjkCD1EHwRrY,Dipak Kotecha,Hurghada/Cairo,2026-06-30T19:53:21.035412,4,0,"Thanks for the quick response. I’m very impressed.     For any food arrangements breaks fast / lunch"
,Guest,Sales,2026-06-30T19:34:07.953838,12,0,"How about from Luxor to sharm airport then a vehicle from the airport to Dahab"
rec2CEohQpiYlPuac,Kyra Kainth,Hurghada/Cairo,2026-06-30T19:18:31.824625,1,0,"3012"
rec55lIWPf5ixO5Wd,SHIONO YURI,Hurghada/Cairo,2026-06-30T16:50:39.357115,1,0,"(https://cn.trip.com?locale=zh-CN) 訂單編號  1321662861605213 尊敬的商家，您好！ 您有一个新订订单。请核对客人下单信息，为客人安排行程. 新订通知"
,Rami Al Zain,Sales,2026-06-30T13:20:07.105042,2,0,"عندكم حجز فنادق في القاهره والغردقة ؟"
recAkKoWpGq9tDyEv,Yassine Zerouali,Hurghada/Cairo,2026-06-30T13:19:24.238968,3,0,"Thank you !!"
,Guest,Sales,2026-06-30T11:05:37.536956,1,0,"سلام عليكم حضرتك  انا طالب ف سياحه وفنادق جامعه قناه السويس  كنت حابب ااقدم علي تدريب صيفي مع حضراتك"
recKlkQYpIEsf8d43,Maximilian von Nagorski,Hurghada/Cairo,2026-06-30T10:12:36.906658,1,1,"Rom Number: 4204"
recYauLKZ6j1rbuw0,Kyana Severyns,Hurghada/Cairo,2026-06-30T07:46:38.313168,5,0,"We just landed. Where is the tour guide?"
recm76MMTakcFw9sg,Lilou DATTILESI CHAPON,Hurghada/Cairo,2026-06-30T04:06:07.759592,1,0,"I cant share the location"
rec5rxXjmSjwkdZVX,Dimitriy Komarov,Hurghada/Cairo,2026-06-30T03:49:50.172698,1,1,"Fts driver shows 4min eta  no movement"
rec3uNZb5SQh5qLVX,Sergei Engel,Hurghada/Cairo,2026-06-30T01:46:01.630798,3,0,"Перевод на английский:    My pickup time was clearly scheduled for 00:30. I was at the pickup locati"
rec3KQOrtPrjviVWS,Michaela Schwarm,Hurghada/Cairo,2026-06-30T00:23:43.258392,1,0,"Hallo ich möchte den Ausflug mit der Buchungsnummer 8284908 stornieren.    Vielen Dank  Michaela Sch"
recAUCJJgEjL2CvSz,Marietta Strube,Hurghada/Cairo,2026-06-29T22:45:43.486819,1,1,"Dear Sir or Madam     thank you for the confirmation.   Is it correct that both the tombs of Ramses "
,Guest,Sales,2026-06-29T18:53:28.614053,1,0,"ممكن تفاصيل عن رحلات شرم شهر ٨؟"
recF5tGxIW780LOQI,Tamara Borstner,Hurghada/Cairo,2026-06-29T17:48:54.400910,1,1,"Traveler names:   Tamara Borstner   Nico Hartmann"
rec55lIWPf5ixO5Wd,SHIONO YURI,Hurghada/Cairo,2026-06-29T17:06:33.359513,1,0,"(https://cn.trip.com?locale=zh-CN) 訂單編號  1539366163539741 尊敬的商家，您好！ 您有一个新订订单。请核对客人下单信息，为客人安排行程. 新订通知"
,ندى فوزى,Sales,2026-06-29T16:16:32.635900,3,0,"مع حضرتك ندى فوزى  علاقات عامة ل شركة الكوت  احنا سلسلة مطاعم كويتية أرجو التواصل"
recYauLKZ6j1rbuw0,Kyana Severyns,Hurghada/Cairo,2026-06-29T15:58:24.146297,1,0,"Names: Kyana Severyns & Anass Hassani    Op ma 29 jun 2026 om 15:55 schreef Kyana Severyns <kyana.se"
,Guest,Sales,2026-06-29T15:42:37.086814,2,0,"سلام عليكم ، ازيك اخي  كنت عاوز اسال اذا تطلع فيزه لتايلند سياحيه ، الجنسية يمنيه ومقيمه اقامه سياحي"
reczuUzJFlBFaH869,Daniel Baier,Hurghada/Cairo,2026-06-29T15:35:47.190875,3,0,"Baier Daniel  Christian Rautner  Serry Beach Resort  room: 2149"
reczuUzJFlBFaH869,Daniel Baier,Hurghada/Cairo,2026-06-29T15:32:47.910061,1,0,"Baier Daniel  Rautner Christian    Serry Beach Resort  Hurghada    Room Nr.: 2149          Von meine"
recfee9BW95JkFmRj,Amani Yahia,Hurghada/Cairo,2026-06-29T14:55:57.355126,1,0,"Amani Yahia 1986  Ghiath Alnaji 1980  Laya Alnaji 2010  Adam Alnaji 2017  Noah Alnaji 2023  Children"
recu4lsVx4acbpiVk,Tanzeela Ahmed,Sharm,2026-06-29T14:17:27.800682,1,0,"                                                                                Good news! A new boo"
recleg5tNz8xpbkGl,Steve Selby,Hurghada/Cairo,2026-06-29T10:45:22.567931,5,0,"On Mon  29 Jun 2026  10:41 Booking Ftstravel via GetYourGuide  <  message@reply.getyourguide.com> wr"
rec1FficDzEUbnpXA,Simon Murphy,Hurghada/Cairo,2026-06-29T08:19:56.364636,1,0,"Good morning.    Just looking to confirm the pick up time for our trip to Cairo fron Titanic resort "
,Guest,Sales,2026-06-29T04:35:08.610125,1,0,"ممكن تفاصيل السفر لتركيا"
,Guest,Sales,2026-06-29T03:09:27.582663,4,0,"تشتغلون على موضوع الفيز الخارجيه"
rec0DGoJVf23EXxjo,James Dickinson,Hurghada/Cairo,2026-06-29T00:28:11.126286,5,0,"Hi There     Just to confirm our room number at the Titanic Aqua park  Number 2031     I have not ye"
rec06ksbiP06VOYP6,Ursula Uwague,Hurghada/Cairo,2026-06-29T00:25:54.250771,4,0,"Thank you so much for carring ! i prefer to contact me on WhatsApp with this number i sent you alrea"
recB5bnoxKIi08M89,Matthew Dunlop,Sharm,2026-06-28T23:31:02.594830,2,1,"4207    i can’t send much more than that"
,Guest,Sales,2026-06-28T21:35:14.691017,2,0,"عايزة جدول رحلات شهر٩ مرسي مطروح"
recp4wmvaRIMEp9RW,Sascha Gräf,Hurghada/Cairo,2026-06-28T21:19:21.920505,1,1,"Hallo  the namens of the travelers: Sascha Graef  Alena Graef and Lara-Maria Graef  Hotel Name: Sher"
reccAzQXKYRORAhHC,Ahmet Öztürk,Hurghada/Cairo,2026-06-28T20:31:47.174391,2,0,"👍🏼"
recOgMDhf4sx9zrbf,Leo Oliviera,Hurghada/Cairo,2026-06-28T20:23:05.523675,1,1,"##^- Please type your reply above this line -^##    Booking Reference: BR-1395067399    Leo O wrote:"
reciUupjA9e69GHfr,Dominik Sedlmeier,Hurghada/Cairo,2026-06-28T19:02:03.222285,2,0,"Wann werden wir aus Cairo wieder zurück fliegen?   Gibt es schon einen Tagesablauf?     Heute konnte"
reciUupjA9e69GHfr,Dominik Sedlmeier,Hurghada/Cairo,2026-06-28T18:51:27.733216,2,0,"Where we get the flight tickets?"
,Hassan Ismail,Sales,2026-06-28T18:09:20.955925,4,0,"وشكرا مقدما"
recLSTeS121yjhjwg,Heiko Scotti,Hurghada/Cairo,2026-06-28T17:28:20.687484,2,0,"96                                                                        Your activity provider sen"
recQGBJgV7HzdPHkf,Marco Taffettani,Hurghada/Cairo,2026-06-28T17:15:17.073162,15,0,"Thankyou 🙂"
recBkxOR2hrozFymD,Benjamin Fogsgaard,Hurghada/Cairo,2026-06-28T15:41:58.595318,1,0,"when is pickup?"
recUz5DGrdqS96s6u,Francesco Giuseppe Rubini,Hurghada/Cairo,2026-06-28T15:06:32.645260,2,0,"Ciao  a che ora venite a prelevarci? Arrivate fino alla reception del Resort?"
rec8eD0R0qtCXN9YR,Emilia Silva,Hurghada/Cairo,2026-06-28T12:50:22.967474,1,0,"Room number 1008"
,Nabil Elgendy,Sales,2026-06-28T12:17:02.348935,4,0,"مصرى .اى رحلات داخلية"
recRCFLE1C0BVQn0u,Kévin Brunet,Hurghada/Cairo,2026-06-28T10:45:37.801357,1,0,"ok thanks"
,Guest,Sales,2026-06-28T07:37:43.505787,5,0,"هل ليكم طريق"
rec3s8nC8PrxGpvwW,Moro Luca,Sharm,2026-06-27T21:35:41.744500,2,2,"##^- Please type your reply above this line -^##    Booking Reference: BR-1414835541    Moro L wrote"
,Guest,Sales,2026-06-27T21:02:44.736090,1,0,"السلام عليكم"
recQGBJgV7HzdPHkf,Marco Taffettani,Hurghada/Cairo,2026-06-27T20:44:54.474952,2,0,"Do we need our passports?"
recFQSazNdfEZDMmA,Loïc Di Giorgio,Hurghada/Cairo,2026-06-27T19:25:18.371602,1,1,"Hello from Blu Spa Resort   room number : 1431"
rec6DHwEY8R6CbZ5V,Mohamed Khaled,Religious,2026-06-27T18:27:16.729489,1,0,"السلام عليكم"
rectyPSGgdTV77S6r,Tormasi Lilla,Sharm,2026-06-27T17:09:38.096014,1,1,"##^- Please type your reply above this line -^##    Booking Reference: BR-1367481763    Lilla T wrot"
recmC8hljxU0YO4X8,Britanie Marquise,Sharm,2026-06-27T13:29:39.925276,1,0,"Our room number is 5315. Thank you!"
rec9XffwhJeChdfbA,Sophia Sadowski,Hurghada/Cairo,2026-06-27T04:43:51.317464,4,2,"Good morning   We are waiting in the lobby of the TUI BLUE Makadi Hotel. The driver has not arrived "
recIOBXM0RKw5V9tW,Guillaume Jamet,Hurghada/Cairo,2026-06-26T23:31:56.622176,1,0,"Traveler name :  Flavie Jamet   Valérie Jamet   Guillaume Jamet   Jasmine palace   Room number 2235"
rec55lIWPf5ixO5Wd,SHIONO YURI,Hurghada/Cairo,2026-06-26T19:55:20.649547,1,0,"(https://cn.trip.com?locale=zh-CN) 訂單編號  1539366162470952 尊敬的商家，您好！ 您有一个新订订单。请核对客人下单信息，为客人安排行程. 新订通知"
recoBmBY77BSoyF45,customer-f6dtgn5aaobysaot@reply.getyourguide.com,Sharm,2026-06-26T19:52:43.118499,2,0,"So  the pick up time will be at 7:15 am? Not at 8 am?"
recy0VhRHxOR0nmjk,José Luis Penas,Hurghada/Cairo,2026-06-26T18:32:12.073313,11,0,"Se puede adelantar el horario del vuelo de regreso porque cuando venía para El Cairo habían muchas p"
rec4pF0gRaZVckggM,Alejandro martin,Hurghada/Cairo,2026-06-26T17:50:31.025008,1,0,"Hi. I'm not staying at that hotel  but it works well as a pick-up point  so let's meet at the hotel "
,Guest,Sales,2026-06-26T17:49:25.395806,5,0,"محتاج جولات الغردقه وشرم الشيخ وعدد الأشخاص 4"
rec3WiQp5X7UAYNj5,Dawn Chikuku,Hurghada/Cairo,2026-06-26T17:05:59.512908,1,0,"Room 1157/ 1155"
recRG1Wt8408IqHIT,Diana Erika Nicole Hajri,Hurghada/Cairo,2026-06-26T15:37:52.121934,1,0,"##^- Please type your reply above this line -^##    Booking Reference: BR-1414185475    Diana Erika "
recBDMTcJMlWmMqDF,Luanne Moses,Hurghada/Cairo,2026-06-26T14:58:55.579395,1,0,"Room Number: 1124"
,Guest,Sales,2026-06-26T14:58:00.638820,2,0,"ممكن اعرف أسعار العين السخنة في شهر ٧"
recq34mRCEQAR3wzE,Carolina Raschein,Hurghada/Cairo,2026-06-26T11:59:07.482513,1,0,"##^- Please type your reply above this line -^##    Booking Reference: BR-1405426455    Carolina R w"
recB4MDvjKVtMq0XD,Esther Didohon Bleziri,Hurghada/Cairo,2026-06-26T03:49:33.031063,2,0,"Thank you very much"
,Guest,Sales,2026-06-25T22:41:01.789326,3,0,"اذا فيه عند حضراتك عروض سفر عائلات من القاهره إلى الغردقه ارجو ارسالها"
recQGBJgV7HzdPHkf,Amandine Beaugrand,Unknown,2026-06-25T22:33:13.057233,12,0,"Oui on m’avait dit 50€ par mail"
rec4yZRLJqbcxzCQm,Yasemin Hancer,Hurghada/Cairo,2026-06-25T21:26:54.731986,1,0,"Hello! Room number is 1221"
recF4eS7OUxKnmNwF,Vanessa Blake,Hurghada/Cairo,2026-06-25T18:31:35.818019,1,0,"Hello  our room numbers at Serenity Alpha Beach are 3276 and 3271 BLAKE.  Please let us know pick up"
recIlNi6biChzdC0S,Antonio Sarnataro,Sharm,2026-06-25T16:41:09.514505,1,0,"96                                                                        Hi The Fts Travels We woul"
recygnIPGmE30HTol,Ivana Nováková,Hurghada/Cairo,2026-06-25T16:11:41.150306,1,0,"Perfect.    Can you send the information about trip to the email adress:tereza.pavlikova@invia.cz<ma"
rec55lIWPf5ixO5Wd,SHIONO YURI,Hurghada/Cairo,2026-06-25T15:14:00.756892,1,0,"(https://cn.trip.com?locale=zh-CN) 訂單編號  1688899743325581 尊敬的商家，您好！ 您有一个新订订单。请核对客人下单信息，为客人安排行程. 新订通知"
rec113mfUHXzPfEbU,Omed Sadat,Hurghada/Cairo,2026-06-25T13:15:16.899112,1,0,"Omed Sadat  Tamana Hashimi  Hira Sadat 9 years old  Yazdan Sadat 7 years old  Zayn Sadat 5 years old"
rechXU5bhBdZaePuB,Olahova Katarina,Hurghada/Cairo,2026-06-25T12:15:28.585726,2,0,"danke"
recRPwuT4dt2DK8Vo,Mohamed Akgümüs,Hurghada/Cairo,2026-06-25T12:15:13.550077,1,0,"1- Mohamed Enes Akgümüs - 16.11.1997  2- Melisa Seferovic - 04.08.2002    Pickalbatros Citadel Resor"
rec5MovK6hoeVdVNZ,Krasimir Vasilev,Hurghada/Cairo,2026-06-25T09:21:45.272193,1,1,"Hello     I would like to cancel my booking.    Booking number: GYGBLHLWGZQ6  Name: Krasimir Vasilev"
recrnKNq5UwTZUppS,ASHLEY BURDASS,Hurghada/Cairo,2026-06-25T02:56:48.347633,1,0,"248"
recwg0FBwvUaWtR93,Brandon Wyatt,Hurghada/Cairo,2026-06-25T01:24:25.180808,1,0,"Will we be sat together on the plane?"
recQGBJgV7HzdPHkf,Marco Taffettani,Unknown,2026-06-25T00:40:41.680082,2,0,"Thank you  we are already in the car"
recYuxAAbnye2qipa,Hatice Ceren,Sharm,2026-06-25T00:40:28.644080,2,2,"##^- Please type your reply above this line -^##    Booking Reference: BR-1414709825    Hatice C wro"
recoVQ9rmECdbQt7v,Marko Davidović,Hurghada/Cairo,2026-06-24T23:18:15.038199,1,0,"Thank you for your quick response. We are;    - Name; Marko Davidovic  - Hotel; DoubleTree by Hilton"
rec4RMsXOb33bbfIp,Bianca Löchner,Hurghada/Cairo,2026-06-24T22:45:22.190452,1,0,"Guten Abend  haben die Tour gebucht ist da deutschsprachige Tourguide dabei? Liebe Grüße Bianca Löch"
recTCv0BdQsHJH8xJ,Elisabeth Okun,Hurghada/Cairo,2026-06-24T22:34:58.505368,2,2,"Hello     please send me the exactly time for the transfer for our Trip tomorrow. Is at 10 right or "
recEak31KWw6VNjzj,Marco Taffettani,Hurghada/Cairo,2026-06-24T21:54:45.681210,3,0,"Hi &nbsp; I was wondering how the airline tickets work. Do you provide us with a copy of the tickets"
recGqlYUiZKgmWwb7,Giuliano Ruggeri,Sharm,2026-06-24T21:45:55.560876,5,0,"Okay  will there be a refund?  How does it work?"
recoaicnuDZo5Abjs,Vaid Ramadani,Hurghada/Cairo,2026-06-24T21:16:54.189778,2,0,"Wann bekommen wir unsere Flugtickets"
,Hossam Hassanein,Sales,2026-06-24T20:21:14.618363,4,0,"عدد الزوار ثلاثه"
recAvmw0aqWLQXwzK,Jacopo Esposito,Hurghada/Cairo,2026-06-24T17:17:16.622818,1,0,"room Number 1106"
,Guest,Sales,2026-06-24T16:08:23.212779,2,0,"??"
,ميدو رفعت,Sales,2026-06-24T15:00:28.343556,1,0,"مساء الخير ممكن رحلات مطروح حجز فندقى"
rec75BW90zquBAz3e,Mary Blaylock,Hurghada/Cairo,2026-06-24T14:33:33.653972,2,2,"Thank you confirm pick up is at 03.15    Mary"
recQZ8xXjpEYd5hur,Rebecca Hannan,Hurghada/Cairo,2026-06-24T13:46:37.620438,1,1,"##^- Please type your reply above this line -^##    Booking Reference: BR-1413679409    Rebecca H wr"
rec3zitcsbeIvbecj,Fabien Dekneudt,Hurghada/Cairo,2026-06-24T12:27:49.241190,1,0,"room number 470"
rechUFtBBS3YeYMKv,Maria Isabel Victoria Garcia,Hurghada/Cairo,2026-06-24T11:08:50.556928,1,0,"Good morning!  We are at Magic Beach Hotel and we don't know the pick up time for tomorrow.  Thank y"
,Guest,Sales,2026-06-24T07:04:50.187384,2,0,"كنت هايز اعرف لو هجيب مكروباص Golden Dragon Minibus ينفع يشتغل معاكوا واي تفاصيل"
,Guest,Sales,2026-06-24T06:55:03.834167,2,0,"حضرتك مكتب سياحه أوروبا"
recnVvCm8LZg0s2ii,Mascheroni Jennifer,Hurghada/Cairo,2026-06-24T03:18:29.970637,1,0,"room 1245"
recLp1UFt2gpne6Nf,Lilou De Cruz,Hurghada/Cairo,2026-06-24T03:18:18.199724,1,1,"Room 529"
recP9COlxljFf8z5r,Saïda Bouazza,Hurghada/Cairo,2026-06-23T16:31:55.686029,1,0,"Names : Bouazza Saïda and Noëlle Amar  Name hôtel : The grand resort Hurghada  Room number : 3314"
recqrqRjpb3xl1QMR,Amir Hossein Abdloo,Hurghada/Cairo,2026-06-23T15:20:48.971141,2,0,"2801 it's my Room Number."
recSWBX4daEOUtZDZ,Nico Braatz,Hurghada/Cairo,2026-06-23T14:02:06.080900,1,1,"7014 is the room number"
reciSaiUrW8k4Qk5E,Patrick Stehle,Hurghada/Cairo,2026-06-23T13:55:43.848825,1,1,"Room number is 2212.   Best regards"
recLG5vgnAd9Ogz1h,Nadine Hennig,Hurghada/Cairo,2026-06-23T13:51:09.243383,1,1,"425"
rechpQIDdznoHgahs,Quentin Delarre,Hurghada/Cairo,2026-06-23T13:24:35.428641,1,1,"Hello    Thank you for your message     For Club Paradisio El gouna : chambre n* 178   For Jazz Blue"
recQGBJgV7HzdPHkf,Marco Taffettani,Hurghada/Cairo,2026-06-23T12:43:21.486135,2,0,"Hi  just a quick reminder – you mentioned you'd confirm the exact pick-up time 24-48h before departu"
,Guest,Sales,2026-06-23T11:51:43.246396,2,0,"في رحلات عمره ؟"
recxfENFY2ayMRAxM,Janine Dallmann,Hurghada/Cairo,2026-06-23T11:21:21.597353,1,0,"##^- Please type your reply above this line -^##    Booking Reference: BR-1414189497    Janine D wro"
recxfENFY2ayMRAxM,Janine Dallmann,Hurghada/Cairo,2026-06-23T11:21:07.140566,1,0," 'Pick up reminder for booking BR-1414189497'                     [ ![Check24](https://gfx.check24.d"
rech3akOBdoNSUTA1,Patrycja Niemas,Hurghada/Cairo,2026-06-23T11:16:39.538381,1,1,"Hi  I just wanted to update our room number  it’s 901"
recPBn7Iespj1JU2l,Fareen Harmi,Hurghada/Cairo,2026-06-23T10:35:03.660992,1,0,"Fareen Harmi   Ashty Sabry     Moreno Horizon Spa & Resort.    2403"
recbZgAbdxQkKUk6C,Nikki Werkman,Sales,2026-06-23T10:21:52.724504,10,0,"I havent booked yet. I want to know the flight times for tomorrow's daytrip from hurghada to Cairo"
recelFf81dovqwyXj,lisa Dando,Hurghada/Cairo,2026-06-23T09:17:27.515080,1,1,"2429"
rec2SW6pbezVxKO0j,Alexandre Lambert,Sharm,2026-06-23T08:38:18.515754,1,0,"Hello My name is : LAMBERT Alexandre No child Hotel : Rixos Adulte OnlyRoom : 4136WhatsApp : +33 6 2"
recr4U9qwHBlq33R1,Muhammad Rizal,Hurghada/Cairo,2026-06-22T23:57:40.825204,7,0,"room 205 level 2"
recEanVKCFyDp4FaC,Beatrice Musicco,Sharm,2026-06-22T17:51:56.280165,1,1,"Buonasera! vorrei sapere a che ora e dove è il ritrovo domani mattina. Grazie!"
recDaYUx2Zr8fqmm9,coralie Hezzi guigard,Hurghada/Cairo,2026-06-22T15:27:12.253323,2,2,"Ok merci"
rec72RILcYI0jh1QP,Israa Said,Hurghada/Cairo,2026-06-22T14:05:00.301673,1,0,"Hello number room is 1556 thanks"
recLF2qf18H2PNfK4,Marcus Holbrook,Hurghada/Cairo,2026-06-22T14:04:33.019163,1,0,"Room number 4221"
recsS8BHQXQ9IY1Yk,Costel Tanase,Hurghada/Cairo,2026-06-22T14:02:16.900064,1,1,"I am at the Imperial resort room 131"
rec1GW5ghCHqJMb5c,Dobrin Mitev,Hurghada/Cairo,2026-06-22T12:10:15.849333,1,0,"1. Dobrin Mitev  2. Antoaneta Kayryakova- Miteva  3. Dobromir Mitev ( 7 years old)    Hotel name: Su"
recytFmSeonx8V6tM,Christine Friedrichsen,Hurghada/Cairo,2026-06-22T11:39:15.630208,1,1,"Dear Team    our names are  Christine Friedrichsen  56 years old   Lasse Friedrichsen  24 years (stu"
rec0vuGRSWtLUUopJ,Adriana Garcia,Sharm,2026-06-22T11:26:51.246978,2,2,"Hello     I was wondering around what time we will get back to the hotel after all the events.    Th"
recsFynqDcydbaOQn,Lyna Benyezzar,Hurghada/Cairo,2026-06-22T10:48:37.617060,1,1,"96                                                                        Your activity provider sen"
rec8xxILovbEscQNj,Yasmin Bhayat,Hurghada/Cairo,2026-06-22T01:43:06.156069,2,0,"won't be long"
recGwD4jfAV2WxEJ4,Eugene Kennedy,Hurghada/Cairo,2026-06-22T00:15:26.660729,5,0,"Hi  we are here in the hotel lobby."
recQGBJgV7HzdPHkf,Marco Taffettani,Hurghada/Cairo,2026-06-22T00:14:56.902529,3,0,"Human Thank you for your reply. I am interested in learning about tour operations  customer service "
recgm152yp0IIqmuM,Enes Şahin,Hurghada/Cairo,2026-06-21T21:08:37.988666,4,0,"thanks"
recvAa15FnHKf19hs,Leeroy Fuhrhop,Hurghada/Cairo,2026-06-21T21:03:43.300843,1,0,"Leeroy Fuhrhop   Scandic Resort Hurghada  A502"
recTwzXt4xJLdQxqV,Marina Makarenko,Sharm,2026-06-21T18:27:30.463055,2,0,"Room number is 3233. Thanks! I'll be waiting for information!"
rec8HVAvfBO6j3s7N,Andreas RichterHuber,Hurghada/Cairo,2026-06-21T15:55:48.318657,1,0,"##^- Please type your reply above this line -^##    Booking Reference: BR-1359561807    Andreas R wr"
recfH1LRAIt063R9u,Liesha Williams,Hurghada/Cairo,2026-06-21T15:03:20.172755,1,0,"Liesha Williams   Rasharne Hanson   Jasmine Palace Hotel and Spa   Room 3143"
recptsmnnfAV4CQIB,Aleksei Karpov,Hurghada/Cairo,2026-06-21T14:35:35.643018,1,1,"room number is 1407"
recUNHJfp96Vq0TkZ,Celina Mozdzieng,Hurghada/Cairo,2026-06-21T14:28:41.390330,1,1,"96                                                                        Your activity provider sen"
rec6r9MV8HXHPIEVd,Holzer Tamara,Hurghada/Cairo,2026-06-21T13:43:37.344365,1,1,"Hello my room number is 2253   See you soon"
receoN3QOX2xYF84O,Miguel Angel Rodriguez Gimenez,Hurghada/Cairo,2026-06-21T13:15:28.952268,1,0,"Number room is 1158"
recbQmsbQACPtTE7K,Manuela Preller,Hurghada/Cairo,2026-06-21T12:26:03.424133,1,1,"Im Premier Le Reve"
recILrTmD3DY9FUBr,Sultan Mahmood,Hurghada/Cairo,2026-06-21T09:29:05.200608,1,1,"Hi there I went to this excursion and we had a photographer there who said to us within 1-3 days we "
recjemqeJrHucqOdG,Tanya russell,Sharm,2026-06-20T22:24:10.025217,1,1,"I have responded back to them"
recrvmgANMLozP8nG,Omar Farquharson,Hurghada/Cairo,2026-06-20T22:01:00.299186,4,1,"Where is our transfer driver?"
rec2gaES0Ui2LNANj,Guilherme Fernandes,Hurghada/Cairo,2026-06-20T20:44:14.340064,1,0,"Guilherme Fernandes   Marta Clara   Sunny Days El Palácio Resort & Spa   I dont know yet the number "
recI7KRwtF2IRn361,Caroline Montegut,Hurghada/Cairo,2026-06-20T19:58:32.848374,1,1,"Could you please confirm pick up time for Jasmine Hotel? Is it 12:30 AM?"
recVRWRHIPltm418L,Maxence Laupin,Hurghada/Cairo,2026-06-20T18:46:57.189623,1,0,"Hello      informations   Name 1: Laupin Maxence  Name 2: Struchen Yvana  Selena bay resort   room n"
reci3Nf1UEZgL3J8C,Sven Barufe,Hurghada/Cairo,2026-06-20T14:44:47.562346,1,1,"alright 👍🏻 Pickup 1:35"
recsABUIcVG8Wpijz,Elia Doro,Sharm,2026-06-20T13:39:54.442992,1,0,"96                                                                        Hi Fts Travels We would li"
recYjRNsVPGUUCQ7G,Rojin sasanian,Hurghada/Cairo,2026-06-20T10:01:44.679021,1,0,"Kan ik de excursie alsjeblieft verplaatsen we zijn zo ziek geworden van de eten :("
recwmxBfUBfJ8VSPA,Ainhoa Lozano Delgado,Sharm,2026-06-20T08:38:29.244962,1,0,"Dear Supply Partner       We've been contacted by a customer informing us that their activity didn't"
recwmxBfUBfJ8VSPA,Ainhoa Lozano Delgado,Sharm,2026-06-20T06:53:05.599776,1,0,"Good morning  our hotel is outside the tour pick-up area  it's Xperience Hill Top Beach  so we've ar"
recrGl18CdgFD0iCq,Susanne Ueberschär,Hurghada/Cairo,2026-06-20T03:49:26.834532,13,0,"wir kommen jetzt vor zum Tor"
rec8pOxotEjNFBmjq,Ahmed Gdira,Hurghada/Cairo,2026-06-20T00:51:37.682121,8,0,"Bonjour   Je vous adresse ce message afin d’exprimer mon mécontentement concernant l’excursion au Ca"
rec0SOyEPo1EDNyAJ,Jennifer Brenner,Hurghada/Cairo,2026-06-19T22:10:31.485771,2,0,"sollen wir in der Lobby warten oder raus vor das Hotel kommen?"
recJpkneIRvgFLDQc,Ludivine Bouquet,Hurghada/Cairo,2026-06-19T20:35:53.060921,1,1,"Hello   Mrs Bouquet-Kaden Ludivine  Mr Kaden Michael   Mr Kaden Karl-August 16 years  Club Marmara H"
recQGBJgV7HzdPHkf,Marco Taffettani,Unknown,2026-06-19T19:54:55.534446,2,0,"Amazing service!  Thanks!"
rec55lIWPf5ixO5Wd,SHIONO YURI,Hurghada/Cairo,2026-06-19T17:13:22.780769,1,0,"(https://cn.trip.com?locale=zh-CN) 訂單編號  1688899724787387 尊敬的商家，您好！ 您有一个新订订单。请核对客人下单信息，为客人安排行程. 新订通知"
reczWT3wgh7YqXPhC,Lena Bichlmeier,Hurghada/Cairo,2026-06-19T16:09:21.304504,1,0,"Hello my friend     I am very sorry  but I am extremely sick and lying in bed. I have severe  stomac"
recOYWS8jtMZhspL9,Leo Horo,Hurghada/Cairo,2026-06-19T10:03:30.073761,7,0,"##^- Please type your reply above this line -^##    Booking Reference: BR-1412203747    Leo H wrote:"
recQGBJgV7HzdPHkf,Marco Taffettani,Unknown,2026-06-19T01:07:45.667229,7,0,"D’accord soir un remboursement ou une autre date merci"
recvgKXAg2gSHU1LL,Tilly Fantom,Hurghada/Cairo,2026-06-18T23:19:03.570969,1,1,"Tilly Fantom  Tyrique Dimond   Caves beach resort   1242"
recai2J67oaGdmV5s,Feride ATEŞ,Hurghada/Cairo,2026-06-18T20:51:20.096355,1,0,"Room number 3164  Royal star beach resort   3 person  Feride Ateş  Mehmet Fırat TUTŞİ  Yasin Efe Can"
recQGBJgV7HzdPHkf,Marco Taffettani,Unknown,2026-06-18T20:42:54.194518,2,0,"Avete il permesso per entrare dentro fino alla hall ?  Perché stamattina un altro bus non l hanno fa"
recQLt3jmWsNDLqJ7,Juan pedro Franco bueno,Hurghada/Cairo,2026-06-18T20:22:55.422813,1,0,"Hola paso nombres y hotel   habitación hasta que no lleguemos no la  sabemos  un saludo y gracias.  "
recWn1ApC1hMnlpUy,customer-prxfebkfudaqawi3@reply.getyourguide.com,Hurghada/Cairo,2026-06-18T15:44:23.187682,1,0,"Robin Cuijpers  Sam Bongers  Michèl Cuijpers  Ludo Cuijpers   Hotel: Jaz Elite Asteria  Roomnumbers:"
,201009275370,Sales,2026-06-13T01:32:27.530158,2,0,"ممكن اعرف تفاصيل فندق موفنبيك الشهر الجاي ٢ بالغين و ٣ اطفال غرفتين"
recOPsu5AD4a9Xs02,Federico Cazzoli,Hurghada/Cairo,2026-06-13T01:19:03.161830,1,0,"traveler names: Federico Cazzoli  Giada Palenga  hotel name: La Quinta Beach Resort  "
reclv3L6F9wRsPlHj,Rui Manuel da Rocha Marujo,Hurghada/Cairo,2026-06-13T00:38:55.019406,1,1,"Hello   Traveler names: Rui Manuel da Rocha Marujo Lígia Luís dos Santos  Hotel: Royal Lagoons Aqua "
,201156258831,Sales,2026-06-12T23:36:05.436410,14,0,"إن شاء الله في انتظاركم"
recODGJXsJSqxPW75,Anna Konate,Sharm,2026-06-12T22:46:58.921259,5,0,"My hotel is sunrise diamond beach resort    Il ven 12 giu 2026  22:40 Booking Ftstravel <booking@fts"
recKngsZJRotPLFpy,Nicole Grieve,Hurghada/Cairo,2026-06-12T22:19:05.768537,1,0,"Nicole Grieve  Rachel Grieve  Serry beach resort  Room 1103"
,201092777459,Sales,2026-06-12T17:12:46.490802,2,0,"أنا طالبة في كلية الإعلام واللغات التطبيقية، وبدرس اللغة الإنجليزية حاليًا في الجامعة الأمريكية بالق"
rec8tlSWVU45utGh2,Giulia,Hurghada/Cairo,2026-06-12T16:58:11.746458,1,0,"Confirm Pickup"
recd23nHwioXuR5VU,Nereus Agbo,Hurghada/Cairo,2026-06-12T14:25:56.443917,1,0,"Room Number: 6135    Best wishes    Nereus S. Agbo  "
recUhpXWrQ0jnpDaI,Madiha Qureshi,Hurghada/Cairo,2026-06-12T14:19:37.850586,1,0,"Hello     Our room number is 433. Thank you looking forward to the trip!    Best   Madiha"
,962799261845,Sales,2026-06-12T12:37:07.756154,6,0,"من تاريخ٦/١٢ حزيران"
reczftcMIWunbPYuF,Cornelia Cox,Hurghada/Cairo,2026-06-12T11:58:53.702487,1,0," 'Pick up reminder for booking BR-1409562777'                     [ ![Check24](https://gfx.check24.d"
recFQNBkVa5pmi7Ib,Martin Heins,Hurghada/Cairo,2026-06-12T10:59:34.909210,1,0,"Die Zimmernummer kann ich Ihnen erst morgen mitteilen  da wir erst morgen im Hotel einchecken."
,201201020381,Sales,2026-06-12T00:05:04.501453,1,0,"السلام عليكم، محتاج مقعدين طيران من القاهرة إلى شرم الشيخ يوم 14 يونيو، ذهاب فقط. هل يوجد مقاعد شارت"
recjcgN8xHcLLLIO8,Selina Theaker,Hurghada/Cairo,2026-06-11T23:38:31.435240,1,1,"Sorry didn’t mean to send it at that point but will let you know room number when arrive but the nam"
,201097053923,Sales,2026-06-11T23:37:05.169528,1,0,"Hi I want to apply for English tourism"
recarahSJ5skQ1glR,Aileen Hütel,Hurghada/Cairo,2026-06-11T23:26:08.393101,2,0,"Thank you"
,249968532451,Sales,2026-06-11T22:26:41.426739,2,0,"بسال عن تأشيره سياحيه من مصر الي فرنسا كم سعرا"
rec55lIWPf5ixO5Wd,SHIONO YURI,Hurghada/Cairo,2026-06-11T17:58:46.616884,1,0,"(https://cn.trip.com?locale=zh-CN) 訂單編號  1128147313336586 尊敬的商家，您好！ 您有一个新订订单。请核对客人下单信息，为客人安排行程. 新订通知"
,966534277053,Sales,2026-06-11T17:27:08.400941,7,0,"عايز استفسر منك عايز احجز لي اخوي من عندكم فيزا للامارات"
,201130368421,Sales,2026-06-11T15:57:29.915837,26,0,"https://www.instagram.com/bw_sahara_sky_hotel?igsh=MXNmZmkybnM3NTB1NA=="
rec55lIWPf5ixO5Wd,SHIONO YURI,Hurghada/Cairo,2026-06-11T14:31:38.670560,1,0,"(https://cn.trip.com?locale=zh-CN) 訂單編號  1385434401809355 尊敬的商家，您好！ 您有一个新订订单。请核对客人下单信息，为客人安排行程. 新订通知"
recABsBLNplbLzune,Ohio Jr,Hurghada/Cairo,2026-06-11T14:26:51.619190,1,1,"Do you need All the names"
recknrS488gSRRe2k,Filipa Goes,Hurghada/Cairo,2026-06-11T13:58:04.438207,1,0,"Good afternoon      I confirm we will be at the entrance door at 00:25.    See you later.     Best r"
,Ahmed shawerma,Sales,2026-06-11T13:52:24.567725,6,0,"[Customer reacted 👍]"
,201021390171,Sales,2026-06-11T13:47:28.852266,10,0,"تمام شكرا"
recFKOIT6I7LADxsR,Deshayes Aurelie,Hurghada/Cairo,2026-06-11T13:01:41.700472,1,0,"bonjour chambre 331 merci"
,32456922025,Sales,2026-06-11T11:58:38.909577,2,0,"حاب اسأل عن موضوع الفيزا للجزائريين اذا سمحتوا.  انا جوازي جزائري، وزرت مصر من قبل لما كنت من سكان ا"
recHPJ1MZb6HtdsCI,Iyacnara Ramirez,Hurghada/Cairo,2026-06-11T02:32:39.953996,1,1,"Iyacnara Ramirez Schürmeier   Rafael Reyes Guisado   Sunny Days Palma De Mirette Resort Spa   Room 1"
recJerL8JFdfzkGy8,Adil Mahmood,Hurghada/Cairo,2026-06-10T23:51:41.658399,1,0,"Aquavista resort pickalbatros"
recifKqnLoyce0kS5,Kristine Catak,Hurghada/Cairo,2026-06-10T22:28:48.312392,1,0,"I forgot Totell you my Hotel name  It’s Called  Moon Beach suites by Vision   Von meinem iPhone gese"
,201211080188,Sales,2026-06-10T22:28:26.547378,2,0,"If there's a vacancy for an experienced English tour leader in Hurghada  please let me know. Thank y"
,201115683601,Sales,2026-06-10T16:39:59.013090,1,0,"لو سمحت كونت طلعت معاكوم باصات انتقالات  قبل كده للغردقه هل لسه متاحه عندكوم خدمه الانتقالات دي"
,201228429343,Sales,2026-06-10T15:57:56.101637,2,0,"انا احمد من تيم شركة رابيد غزال شركة متخصصة في السيو وتصميم المواقع وان بنقدم خدمة تحسين محركات البح"
,201273481420,Sales,2026-06-10T15:53:41.928790,8,0,"ياريت للافاده"
rec55lIWPf5ixO5Wd,SHIONO YURI,Hurghada/Cairo,2026-06-10T14:49:30.999076,1,0,"(https://cn.trip.com?locale=zh-CN) 訂單編號  1385434373662598 尊敬的商家，您好！ 您有一个新订订单。请核对客人下单信息，为客人安排行程. 新订通知"
rechfAzPTI8GxaAwO,Roper Nathanael,Hurghada/Cairo,2026-06-10T14:19:57.443994,3,0,"GYGVN28KVFKH    0624461707    Le mer. 10 juin 2026 à 14:17  Booking Ftstravel <booking@ftstravels.co"
recu4lsVx4acbpiVk,Tanzeela Ahmed,Sharm,2026-06-10T13:51:15.278210,1,0,"                                                                                Good news! A new boo"
reca1D2ynokIQLYzc,Selahattin Pürcü,Hurghada/Cairo,2026-06-10T10:12:57.326272,1,1,""
,201098561260,Sales,2026-06-10T04:08:32.494785,1,0,"السلام عليكم، أنا منظم رحلات في الصعيد وببدأ تكوين جروبات لدهب وشرم. محتاج أسعار B2B أو جملة لجروب م"
recwTfXJSDi8qJeNv,Tamas Takacs,Hurghada/Cairo,2026-06-10T03:20:41.782293,3,0,"Thank you for your support  also i appologize for my behavior.     Just got upset that we are not ab"
recYCdvVLQJB9fa3r,Adam Zaitoun,Hurghada/Cairo,2026-06-09T21:11:42.488284,2,0,"Adam zaitoun and Hadi taki"
recUrJmQPW8xbihrt,SERGIO ANIBAL SOSA,Hurghada/Cairo,2026-06-09T19:04:10.247433,2,0,"HABITACIÓN 504  ________________________________  De: Booking Ftstravel <booking@ftstravels.com>  En"
recI4S0MTnsWQy3dy,Stuart Evans,Hurghada/Cairo,2026-06-09T17:36:12.030229,4,0,"yes I can confirm pick up time and place. thanks"
rec9lKcFmyZ9skTnP,mohammed khalid zizi,Hurghada/Cairo,2026-06-09T16:12:27.704896,1,0,"Ok  Confirme  Thanks  "
recu4lsVx4acbpiVk,Tanzeela Ahmed,Sharm,2026-06-09T16:03:25.011808,1,0,"                                                                                Good news! A new boo"
recDUjQAuOaBdmHlU,Eduardo Salgueiro,Hurghada/Cairo,2026-06-09T15:32:41.546296,2,1,"I’m confirming my room number"
reckjGY4eT76Hwkv4,Wayne Bagley,Hurghada/Cairo,2026-06-09T14:01:47.452159,2,0,"Do we have to bring money for the restaurant at lunch time or do we get lunch in the with the trip m"
,الحمد لله🤍,Sales,2026-06-08T21:48:26.596296,5,0,"انا جيت من قطر بي موافقه امنيه وعايز اقعد اكتر من شهر اعمل شنو ؟"
rec55lIWPf5ixO5Wd,SHIONO YURI,Hurghada/Cairo,2026-06-08T21:34:49.636295,1,0,"(https://cn.trip.com?locale=zh-CN) 訂單編號  1381036271018747 尊敬的商家，您好！ 您有一个新订订单。请核对客人下单信息，为客人安排行程. 新订通知"
rec78AcEUbeNcx0mm,Dianta Van mechelen,Hurghada/Cairo,2026-06-08T17:16:19.340895,1,1,"Pick up time"
,Guest,Sales,2026-06-08T16:40:41.542156,7,0,"طب ممكن اعرف الاسعار لشهر ٧؟"
recO4sYSPTnBK8j3L,Reuben Rawcliffe,Hurghada/Cairo,2026-06-08T11:16:29.663370,2,0,"yes is pickup and dropp off included in the booking"
rec8KrjbkLioaUu9s,Michelangelo Lamberti,Sharm,2026-06-08T03:30:51.773504,4,0,"room number 45016"
recPHADJrRuDCzmRL,Sabine Barth,Hurghada/Cairo,2026-06-08T01:39:37.189693,1,0," 'Pick up reminder for booking BR-1395882687'                     [ ![Check24](https://gfx.check24.d"
recW84E2ERjrAkTl5,Amira Benaîsh,Hurghada/Cairo,2026-06-08T00:13:44.963852,2,0,"I confirm"
recqwzhFLaE1JLtLU,Vera Traficante,Unknown,2026-06-07T18:18:58.242721,1,0,"Prenotazione GYGLMRY2MXHV  E-mail: veratraficante.vt@gmail.com  Telefono n.: +39 3477590089"
recOG2QT7dXeFOQLw,Manuel Nuno De Azevedo Lopes,Sales,2026-06-07T16:05:28.631749,31,0,"can you assist?"
recRCgIBgInGpoPYy,Noémie barraud,Hurghada/Cairo,2026-06-07T15:58:01.647146,1,0,"Bonjour  est ce bien vous qui m’écrivez sur whats app ?"
rec55lIWPf5ixO5Wd,SHIONO YURI,Hurghada/Cairo,2026-06-07T07:46:26.727910,1,0,"(https://cn.trip.com?locale=zh-CN) 訂單編號  1128147220993436 尊敬的商家，您好！ 您有一个新订订单。请核对客人下单信息，为客人安排行程. 新订通知"
recOJ9mLtNTl6axgu,Ewelina Sokol,Sharm,2026-06-07T05:43:44.343134,4,0,"Hello   Pick up details are correct  Thank you"
,Guest,Sales,2026-06-07T00:22:04.381635,2,0,"محتاج اعرف عروض العمره الشهر دا او الشهر القادم اسره زوج وزوجة وطفلتين اقل من ٤ سنين"
rec55lIWPf5ixO5Wd,SHIONO YURI,Hurghada/Cairo,2026-06-06T20:57:24.615131,1,0,"(https://cn.trip.com?locale=zh-CN) 訂單編號  1128147219528001 尊敬的商家，您好！ 您有一个新订订单。请核对客人下单信息，为客人安排行程. 新订通知"
,Guest,Sales,2026-06-06T18:26:17.865097,1,0,"فى  سفريات  مرسى  مطروح"
reccv5rHfWQHFcNG0,Ambre LHERM,Hurghada/Cairo,2026-06-06T14:56:47.967828,1,1,"Ok"
recgQ6hiO1KOah1Mj,Michelle Aretz,Hurghada/Cairo,2026-06-06T13:28:22.126716,1,0,"Perfect thank you! We will wait at the recepation"
,Guest,Sales,2026-06-06T08:25:53.260034,1,0,"مساء الخير انا لو عاوزه اسافر المغرب اي اللى هحتاجه"
,Unknown,Sales,2026-06-05T18:43:19.384053,1,0,"[Customer sent a message of type: system]"
,Guest,Sales,2026-06-05T17:36:05.428392,2,0,"كنت حابب اسأل لو فرصة عمل متاحة مع حضراتكم"
,Younes,Sales,2026-06-05T14:35:56.153610,1,0,"Hello FTS Travels Team   I hope you are doing well.  My name is Younes from Turota Turizm in Istanbu"
,201112277407,Sales,2026-06-05T14:05:38.244966,4,0,"[Customer sent an image. Image ID: 968758706032035]"
rec55lIWPf5ixO5Wd,SHIONO YURI,Hurghada/Cairo,2026-06-04T22:37:18.403878,1,0,"(https://cn.trip.com?locale=zh-CN) 訂單編號  1539365864434087 尊敬的商家，您好！ 您有一个新订订单。请核对客人下单信息，为客人安排行程. 新订通知"
recS1wcJeu3icpW38,Daniela Heim,Hurghada/Cairo,2026-06-04T21:37:40.486772,2,2,"##^- Please type your reply above this line -^##    Booking Reference: BR-1406408775    Daniela H wr"
,966578502284,Sales,2026-06-04T20:44:52.236629,1,0,"[Customer sent an audio message. Audio ID: 977913745043823]"
,Guest,Sales,2026-06-04T15:17:01.876485,4,0,"Yes  does your agency provide a substitute for the invitation letter?"
recQej1Sbdrh7B5gY,Jasmin Bedi,Hurghada/Cairo,2026-06-04T14:14:22.142263,1,0,"Jasmin bedi   Tamanjit bedi   Manpreet lamba  Jeet dhal     Sunrise solara aqua park resort   Room n"
recbAeHbLLUjhxOzT,Emmy Scott,Hurghada/Cairo,2026-06-04T11:34:34.830541,1,0,"Emmy Scott  Alexander Stewart  Caves beach resort  4304"
recMAv7HLoUqMx476,Giulia Cirino,Sharm,2026-06-04T10:47:17.795801,1,0,"Dear Reservations     This is to acknowledge your message and we already forwarded the information t"
recCEmeGQxFv4nFNp,Olivier Renier,Sharm,2026-06-04T09:43:12.454691,1,1,"##^- Please type your reply above this line -^##    Booking Reference: BR-1397270423    Olivier R wr"
recpaaqqb1T26Cqpw,Torsten Lück,Hurghada/Cairo,2026-06-03T20:40:57.696433,1,0,"Könnten Sie mir bitte die Flugticket für morgen per WhatsApp zusenden?"
recC05Tx3KPybOpwr,Geanina Sirbu,Hurghada/Cairo,2026-06-03T20:05:59.169147,1,1,"Hi!  Confirm pick up  Hilton  El Gouna  5:45.  Thank you!    Yahoo Mail: Search  organise  conquer"
,Sayed,Sales,2026-06-03T16:58:33.525234,5,0,"شكر ليك  فاكر سفر للخارج"
rec4e74sgbxfsvsqh,Jake Meggs,Sharm,2026-06-03T15:57:38.350389,1,0,"96                                                                        Hi Fts Travels We would li"
reczzH4XE1eAvX7TW,Delia Burza,Sharm,2026-06-03T15:57:04.090238,1,1,"96                                                                        Hi Fts Travels We would li"
rec55lIWPf5ixO5Wd,SHIONO YURI,Hurghada/Cairo,2026-06-03T12:05:05.254943,1,0,"(https://cn.trip.com?locale=zh-CN) 訂單編號  1653715036932135 尊敬的商家，您好！ 您有一个新订订单。请核对客人下单信息，为客人安排行程. 新订通知"
recMAv7HLoUqMx476,Giulia Cirino,Sharm,2026-06-03T07:57:51.272059,14,0,"I paid 35 € for the full package of photos and video  and until now I just received some photos.. I "
recDYkqmysbQP7ey1,samuele sassi,Sharm,2026-06-03T07:21:54.883466,1,0,"hello  Is driver coming for pick up?"
rec55lIWPf5ixO5Wd,SHIONO YURI,Hurghada/Cairo,2026-06-02T19:31:48.483793,1,0,"(https://cn.trip.com?locale=zh-CN) 訂單編號  1400827351212933 尊敬的商家，您好！ 您有一个新订订单。请核对客人下单信息，为客人安排行程. 新订通知"
rec55lIWPf5ixO5Wd,SHIONO YURI,Hurghada/Cairo,2026-06-02T19:31:33.240578,1,0,"(https://cn.trip.com?locale=zh-CN) 訂單編號  1400827351212554 尊敬的商家，您好！ 您有一个新订订单。请核对客人下单信息，为客人安排行程. 新订通知"
recTQJbs2DbhRsqIT,Lauryn Neil,Sharm,2026-06-02T05:10:43.861798,2,0,"##^- Please type your reply above this line -^##    Booking Reference: BR-1396977339    Lauryn N wro"
recliaePJ016Q9YMd,Anaïs Carrette,Hurghada/Cairo,2026-06-02T04:14:00.577363,1,0,"Parfait  merci 🙏🏼"
recsZFayvbgJuK3u0,Simona Mansolillo,Sharm,2026-06-01T19:23:55.345184,3,1,"Vi risulta? Ho parlato con un vostro operatore e ho riferito loro delle informazioni necessarie"
recoaUSj4lr8rOv8K,Marta Giacosa,Sharm,2026-06-01T17:23:40.674334,1,0,"See u tomorrow"
recw7ydPNGUl3ZE1S,Lee Bryant,Hurghada/Cairo,2026-06-01T16:58:55.819223,2,0,"Hi     I just received a message saying my pick up from Pickalbatross tomorrow is  at 4am after earl"
reckEiDv1zrl2ZJSg,Yannik Sandelmann,Hurghada/Cairo,2026-06-01T15:59:56.685473,1,1,"##^- Please type your reply above this line -^##    Booking Reference: BR-1402452997    Yannik S wro"
reckEiDv1zrl2ZJSg,Yannik Sandelmann,Hurghada/Cairo,2026-06-01T15:59:45.499167,1,1,"Our customer with the Viator  Inc. booking number BR-1402452997 has sent you a message regarding the"
recJKdZ2UuTMsz4Cs,Adam Donnan,Hurghada/Cairo,2026-06-01T15:18:11.981674,1,0,"Hi there     Just confirming we have received pickup details and that works for us.  Looking forward"
recakYf67VHypBCCb,Amina Sabotic,Hurghada/Cairo,2026-06-01T07:56:04.134937,1,1,"Hallo wir sind auf dem Weg zum tor aber wir verspäten und leider noch um 5 Minuten. Tut uns sehr lei"
recRHzMRctqbuy2cj,Hao-yuan, Ma,Hurghada/Cairo,2026-06-01T01:25:55.735394,9,0,"If you are willing to collaborate with a YouTuber to promote your  brand/tour  here is my channel.  "
rec0sNp81t92PhdQR,Dzevad Serifovic,Hurghada/Cairo,2026-05-31T13:22:46.671174,1,0,"Hallo FTS Team   Wie ist der Status mit der Rückerstattung?  Sie können hier auch unseren Guide (Mah"
recfeLklR20BzYwHf,Maria Pispili,Hurghada/Cairo,2026-05-30T20:54:50.468113,4,2,"No i don‘t Need anything more"
recRzEJZTXWMLFQPD,Camilla Fior,Sharm,2026-05-30T19:59:09.904974,3,3,"Va bene fuori dal cancello  grazie a domani!"
recRJrtzAqz3O7Dk1,Giuseppina Lentini,Sharm,2026-05-30T18:44:24.737103,1,1,"##^- Please type your reply above this line -^##    Booking Reference: BR-1399056733    vincenzo a w"
,Giulia Morici,Sales,2026-05-29T18:26:09.727695,12,0,"Hello…… i sent MY first message on the 21st of May regarding a request of 4 days in Cairo for a fami"
rec55lIWPf5ixO5Wd,SHIONO YURI,Hurghada/Cairo,2026-05-29T09:32:13.901400,1,0,"(https://cn.trip.com?locale=zh-CN) 訂單編號  1128147072123194 尊敬的商家，您好！ 您有一个新订订单。请核对客人下单信息，为客人安排行程. 新订通知"
recn4wueVh8AGoFQY,Pawel gebus,Hurghada/Cairo,2026-05-29T01:02:04.694432,1,0,"Hi. It’s just 20 second walk from Cleopatra bazar so I will wait outside Cleopatra bazar for pick up"
,Guest,Sales,2026-05-29T00:29:42.100490,1,0,"سلام عليكم ورحمة الله وبركاته"
rec55lIWPf5ixO5Wd,SHIONO YURI,Hurghada/Cairo,2026-05-28T21:41:25.771648,1,0,"(https://cn.trip.com?locale=zh-CN) 訂單編號  1688899298541255 尊敬的商家，您好！ 您有一个新订订单。请核对客人下单信息，为客人安排行程. 新订通知"
,Noor,Sales,2026-05-28T17:42:57.792399,2,0,"مساء الخير"
rec55lIWPf5ixO5Wd,SHIONO YURI,Hurghada/Cairo,2026-05-28T17:23:02.508926,1,0,"(https://cn.trip.com?locale=zh-CN) 訂單編號  1128147064510143 尊敬的商家，您好！ 您有一个新订订单。请核对客人下单信息，为客人安排行程. 新订通知"
,Guest,Sales,2026-05-28T01:59:28.471156,2,0,"المكان فين"
,Guest,Sales,2026-05-28T00:36:15.849185,1,0,"السلام عليكم .. انا من العراق ..  قبل كم سنة حصلت عرض فيزا لمصر  ومعاها فندق مجاني لمدة اسبوع ..  اق"
recHRzrI0U6XLLCIh,OMER ERDEN,Sharm,2026-05-27T16:54:45.624900,1,1,"##^- Please type your reply above this line -^##    Booking Reference: BR-1396539965    OMER E wrote"
,Guest,Sales,2026-05-27T14:47:28.125770,2,0,"عايزة اعرف سعر الليله فالفندق Tolip Glala Majestic لغرفة دبل و تربيل و تكون شامله الفطار و العشا يوم"
,Guest,Sales,2026-05-27T00:05:17.510739,1,0,"متوفر Renault Taliant موديل 2026 جديدة بالكامل، للعمل داخل القاهرة وخارجها بأعلى مستوى من الراحة وال"
rec55lIWPf5ixO5Wd,SHIONO YURI,Hurghada/Cairo,2026-05-26T21:08:55.350035,1,0,"(https://cn.trip.com?locale=zh-CN) 訂單編號  1359045758704426 尊敬的商家，您好！ 您有一个新订订单。请核对客人下单信息，为客人安排行程. 新订通知"
,Refan,Sales,2026-05-26T19:58:37.096073,1,0,"السلام عليكم"
recqqPq5NjgViMZvw,Elif Oranli,Hurghada/Cairo,2026-05-26T15:57:08.119127,2,0,"Yes siva grand beach hotel"
,Hany Sultan,Sales,2026-05-26T15:37:56.637330,2,0,"في حجز طيران خارجي ؟"
rec7bvQM33M7uLagI,Simonetta Genna,Hurghada/Cairo,2026-05-26T15:18:47.601387,1,1,"Ok we will be on the main road in front of the security gate at 04.45  waiting by the big statue wit"
recnuwcrwwARefh5J,Julien Scherthan,Hurghada/Cairo,2026-05-26T04:35:15.371260,1,0,"Hey guys  alright. We are in front of the entrance hall. Thank you! 😁"
recOGmPL1gt79sjXA,Sascha Miserovsky,Hurghada/Cairo,2026-05-25T18:16:39.003755,4,0,"##^- Please type your reply above this line -^##    Booking Reference: BR-1341275817    Sascha M wro"
recb7DktQVLvvHZu3,Luret Guylaine,Hurghada/Cairo,2026-05-25T16:40:59.070244,1,1,"  Bonjour  Ok pour demain matin 3h25 m    Cdt Guylaine Luret  Envoyé à partir de Outlook pour iOS<ht"
reclKfSpVpZdm1kf3,Armend Selimi,Hurghada/Cairo,2026-05-25T14:52:29.111004,1,0,"I confirm.  What i Need?     Mit freundlichen Grüßen   Armend Selimi"
recyGT90T7XCZAN0i,Amber van den Boogaert,Hurghada/Cairo,2026-05-25T14:33:08.116524,1,1,"okay great  so just to confirm. 03:05 at the reception of the Sindbad Hotel (Mohamed Said St)?"
recSLAqqd0mFVzwMH,Paulo Leal,Hurghada/Cairo,2026-05-25T05:33:44.186093,7,0,"##^- Please type your reply above this line -^##    Booking Reference: BR-1400124643    Paulo L wrot"
recksHJBcy3aZMnkM,Sebastiano Scardicchio,Hurghada/Cairo,2026-05-24T22:10:39.811816,1,0,"la nostra camera è 2309. vi aspetteremo nella hall giusto?"
recHvCLBCCFlQZjyV,Jasmijn Vrolijks,Hurghada/Cairo,2026-05-24T21:01:14.059759,1,0,"we will be ready at 1.00!"
recYPHs752lFhzP0a,Ayoube Jerbi,Hurghada/Cairo,2026-05-24T18:54:46.863593,1,1,"##^- Please type your reply above this line -^##    Booking Reference: BR-1401451595    Ayoube J wro"
,Guest,Sales,2026-05-24T08:19:25.947391,2,0,"Are you doing visa travel to Egypt I'm interested to apply"
recgzTEt8KGjMl0CA,Bianca Timmers,Hurghada/Cairo,2026-05-23T20:11:19.968022,1,1,"at the reception or at the Gate regards Willem and Bianca"
recxSiyRJ9CPal8Ce,Tommaso Michele Molendini,Sharm,2026-05-23T07:54:46.701071,1,0,"Number room 3101"
recMFh635e5W1gbyQ,Robert Eckstein,Hurghada/Cairo,2026-05-22T15:23:25.504076,1,0," 'Pick up reminder for booking BR-1400561365'                     [ ![Check24](https://gfx.check24.d"
recEo2N4n8vQE86jv,Ana Paula Peixeiro Marques Costa,Hurghada/Cairo,2026-05-20T20:54:43.388582,4,1,"ok. thank you very much"
rec4wAn44sEUWIwIL,Giannamaria Cerruti,Sharm,2026-05-20T18:12:14.445757,1,0,"Ok at 825 at hall of the grand hotel Sharm el sheikh room 236   Giannamaria Cerruti and Fabrizio Mar"
recLtF4QLemD7u72S,Mona Al Mokdad,Sharm,2026-05-20T18:05:47.774124,1,1,"Our customer with the Viator  Inc. booking number BR-1399654839 has sent you a message regarding the"
reckHXckWLLbM98Ka,Alessia Delsole,Sharm,2026-05-20T17:15:06.567187,1,0,"Alessia Delsole and Chiara Greco  Turquase hotel  Room 220"
recCfh2FUMM45zGgp,Pamela O'Brien,Hurghada/Cairo,2026-05-19T13:46:47.722052,1,1,"Loved it!  "
rec2mCf5nPdWF3R7I,Chidi Nlewedim,Hurghada/Cairo,2026-05-19T12:42:08.327797,7,0,"Ok. No problem. Thanks for the explanation.  See you tomorrow"
recPHADJrRuDCzmRL,Sabine Barth,Hurghada/Cairo,2026-05-19T07:52:26.594699,1,0,"Our customer with the Viator  Inc. booking number BR-1395882687 has sent you a message regarding the"
recu6VTQRXMPEDHiN,Alan Goldstone,Hurghada/Cairo,2026-05-18T17:30:31.680910,1,0,"Amazing value  the two drivers were great and the guide we had in Cairo was brilliant.    Thank you "
recYSU0OM30b8KPHX,Pawel Widomski,Hurghada/Cairo,2026-05-18T16:55:33.540874,1,0,"Pawel Widomski  Seagull Beach Hotel  room 1144"
rec4svIO2JSE766DF,Kim Luttikhuis,Hurghada/Cairo,2026-05-18T12:04:18.006505,1,0,"Bellagio Resort & Spa  Roomnumber 2007  Kim Luttikhuis  Anthony van Londen"
rec9sgjPKgdCgHOyE,Lidia Spano,Hurghada/Cairo,2026-05-18T11:04:30.939696,3,2,"GYG32L6ZMY3R Il numero di prenotazione  00393278892868 numero telefonico  "
recNPSKFiDxWywr4H,Stephan Loll,Hurghada/Cairo,2026-05-18T10:01:38.359104,1,0,"Loved it!    Mit freundlichen Grüßen/Best regards  Stephan Loll    ---------------------------------"
recdbVGBJgEq6NmHi,Ahmad Aljwaed,Hurghada/Cairo,2026-05-17T21:49:52.506167,2,0,"Hallo   Vielen Dank für die Schnelle Rückmeldung .  Zimmernummer im Hotel gravity ist : 481    VG  A"
recQkHjniCLRCrSzH,Prodea Razvan,Hurghada/Cairo,2026-05-17T21:18:46.147374,1,0,"Hello!    We confirm will be ready at 7.30    Thanks!  "
recu773hCA2R86DAN,zhaoli wang,Hurghada/Cairo,2026-05-17T18:29:57.944929,2,1,"it was a great trip"
recqy97qI8yfOl01Z,Christopher hallay,Hurghada/Cairo,2026-05-17T15:29:53.111015,1,0,"Re: Your booking for Cairo by Bus Hurghada default | Option 2 - The Grand  Egyptian Museum and Giza "
recMscAmvn681RmU0,Joanne Lewis,Hurghada/Cairo,2026-05-17T15:15:29.702945,1,1,"Joanne Lewis   Richard Date   Kendan Hill-Date aged 15  Hotel Jaz Soma Beach  Room number unknown at"
recj67KuuIX18oxS7,Marcus Edwards,Hurghada/Cairo,2026-05-17T14:11:08.557985,1,0,"Confirm Pickup"
recCfh2FUMM45zGgp,Pamela O'Brien,Hurghada/Cairo,2026-05-17T13:27:11.072410,1,0,"Thank you for your email   looking forward to our trip"
reciRFD8poSozH1mg,Sofia zapata,Hurghada/Cairo,2026-05-17T13:12:32.291878,15,0,"Thanks you fully noted and understood.   👍🎉🎊"
recefAbeiqaYrwB8h,Louise Didd,Hurghada/Cairo,2026-05-17T09:44:54.904247,1,0,"room number 1037"
recPro72jC9xHfQK2,Google Business Profile,Unknown,2026-05-17T08:20:43.246750,1,0,"<https://business.google.com/n/17250762061523864322/reviews/Ci9DQUlRQUNvZENodHljRjlvT2xaaWIwaHRibUV0"
reclOt3GzIxr1zd8X,Celine Brissonnet,Hurghada/Cairo,2026-05-17T03:13:34.179470,3,1,"Loved it!    Céline BRISSONNET  "
recGu1EFV3tLOpT56,Demetrio Di Gennaro,Sharm,2026-05-16T21:34:02.251166,2,0,"My room number is 1116"
receek7uGBZv0UqPb,Remco Heijnen,Hurghada/Cairo,2026-05-16T13:27:56.252511,1,0,"Confirm Pickup"
recjfRkDNXljuInYl,Simon Medard,Hurghada/Cairo,2026-05-16T12:33:03.964005,1,0,"Good morning   I would like to know if the rest of the itinerary remains unchanged if we  decide to "
rec55lIWPf5ixO5Wd,SHIONO YURI,Hurghada/Cairo,2026-05-15T11:05:29.132008,1,0,"(https://cn.trip.com?locale=zh-CN) 訂單編號  1653714486327767 尊敬的商家，您好！ 您有一个新订订单。请核对客人下单信息，为客人安排行程. 新订通知"
recc6jXEp4pRbNrJv,Laetitia Thieren,Hurghada/Cairo,2026-05-14T12:27:55.646829,1,0,"Hi &nbsp; Confirming tomorrow’s tour! We will be ready 7:55 in the lobby. Best  Laetitia&nbsp; On 14"
recimfMBAjlctYknk,Margareta Blankenbach,Hurghada/Cairo,2026-05-13T15:16:41.655684,1,0,"We got the time of the pick up at 3:00 in the Morning  being at the lobby  of Jaz Soma Beach 5 Minut"
rec55lIWPf5ixO5Wd,SHIONO YURI,Hurghada/Cairo,2026-05-13T10:18:29.403478,1,0,"(https://cn.trip.com?locale=zh-CN) 訂單編號  1539365242430283 尊敬的商家，您好！ 您有一个新订订单。请核对客人下单信息，为客人安排行程. 新订通知"
recQkBEg1kDvMysKv,Maxim Iurescu,Sharm,2026-05-13T07:52:05.472336,2,0,"Siamo al main gate ad aspettare"
rec6dVnV3jg1Ypc7O,CHRISTELLE DE L ISLE,Hurghada/Cairo,2026-05-12T15:56:51.961469,1,0,"Vous êtes où ? Nous sommes devant l’hôtel Moreno !"
recfU1OOz2h7qVBrB,Yasir iqbal,Hurghada/Cairo,2026-05-12T15:25:14.072155,2,0,"Confirmed    Sent from Outlook for Android<https://aka.ms/AAb9ysg>  ________________________________"
recFtJOiGGtwFmpMj,Marcel Philippe Mattlat,Hurghada/Cairo,2026-05-12T14:14:55.785234,3,0,"Hi kindly  condirm 13.05.2026 0:30 pickup.  Thanks and kind regards Marcel  ##^-Please type your rep"
recn4PWMFqKepmmK6,Herbie Lamin Manneh,Hurghada/Cairo,2026-05-12T13:17:02.450189,1,0,"Hello. I confirm i will be ready for 6.50. If you arrive early please call me on whatsapp and I will"
recKaeSbpL8EvgvVm,Hesham Lashein,Sharm,2026-05-12T07:18:50.963315,2,1,"Hello!  This is my phone number:  +393516748598"
recj4mHbC3eypfT06,Thomas,Hurghada/Cairo,2026-05-12T06:25:26.673028,5,0,"Everything was ok"
recYHAnHMrMdhtmu2,Andrea Maier,Hurghada/Cairo,2026-05-11T10:57:43.448606,3,0,"GYG32L7N7YY9 Mit freundlichen Grüßen Andrea Maier Am 11.05.2026 um 08:59 schrieb booking@ftstravels."
recxWfAoxkjrxm2Gg,Georgia Wegener,Hurghada/Cairo,2026-05-10T22:45:28.193378,3,0,"Hi   How can I add an extra to my booking? Order number GYGFWV8LYB25"
recMI1u1IEK282aAF,447846079335,Sharm,2026-05-10T19:36:31.824158,3,0,"It was great!"
recDESXEqyaWi20Z8,Maeva prodhomme,Sharm,2026-05-10T18:33:18.450688,11,9,"No problem"
recylB1pTJs9HaIy9,Denisa Kissáry-Williamson,Hurghada/Cairo,2026-05-10T15:10:52.755654,3,0,"Confirm Pickup"
recAQRQtYfzO6efD2,Gwladys Derringer,Hurghada/Cairo,2026-05-10T14:10:12.638736,4,0,"Our rooms are 311 and 341 instead of 311 and 327"
recEq4T1FdN5FYRGE,Alexandra Ocneanu,Hurghada/Cairo,2026-05-10T13:43:22.237287,3,0,"Hei. Why we have to go so early at airport if we drive like 25 min we arrive there 2:30 and we have "
recc48XYZE1Tl8hWE,Salma Bittar,Sharm,2026-05-10T11:33:08.147456,5,0,"Our Name Salma Bittar und Mohamed Samir Bittar Jazz Belvedere hotel Room Number 1910 -- Gesendet mit"
recQ9mE9egTVezFn9,Fatima Tajik,Hurghada/Cairo,2026-05-10T01:36:27.195649,3,0,"##^- Please type your reply above this line -^##    Booking Reference: BR-1391094513    Fatima T wro"
,Driver - جمال محمد,Drivers,2026-05-10T01:35:09.747008,5,0,"تاكيد الاستلام"
recjdHVq56pkWCgTH,Aleo Lloyd,Sharm,2026-05-10T00:38:35.979314,4,0,"It was great!"
recUaCmRLstpALdtv,Luca Finessi,Sharm,2026-05-07T17:50:44.213420,1,0,"96                                                                        Hi Supply Partner  great n"
